,Unnamed: 0,0,1,2,3,4,5,6,7,8,system_no,username
0,0,https://mail.google.com/mail/u/0/#inbox,Gmail,13,0,2022-10-14 14:34:22,0,2022-09-01 20:26:06,0,1601-01-01 05:34:28,1,1918L04
1,1,https://accounts.google.com/ServiceLogin?service=mail&passive=1209600&osid=1&continue=https://mail.google.com/mail/u/0/&followup=https://mail.google.com/mail/u/0/&emr=1&authuser=0#inbox,Gmail,3,0,2022-10-14 14:35:18,0,2022-09-01 20:26:06,2751,1601-01-01 05:03:10,1,1918L04
2,2,https://accounts.google.com/ServiceLogin?service=mail&passive=1209600&osid=1&continue=https://mail.google.com/mail/u/0/&followup=https://mail.google.com/mail/u/0/&emr=1&authuser=0#inbox,Gmail,3,0,2022-10-14 14:35:18,0,2022-09-01 20:26:08,0,1601-01-01 05:43:25,1,1918L04
3,3,https://accounts.google.com/ServiceLogin/webreauth?service=mail&passive=1209600&osid=1&continue=https%3A%2F%2Fmail.google.com%2Fmail%2Fu%2F0%2F&followup=https%3A%2F%2Fmail.google.com%2Fmail%2Fu%2F0%2F&emr=1&authuser=0&flowName=GlifWebSignIn&flowEntry=ServiceLogin#inbox,Gmail,4,0,2022-10-14 14:35:18,0,2022-09-01 20:26:08,0,1601-01-01 05:43:25,1,1918L04
4,4,https://accounts.google.com/signin/v2/challenge/pwd?service=mail&passive=1209600&osid=1&continue=https%3A%2F%2Fmail.google.com%2Fmail%2Fu%2F0%2F&followup=https%3A%2F%2Fmail.google.com%2Fmail%2Fu%2F0%2F&emr=1&authuser=0&flowName=GlifWebSignIn&flowEntry=ServiceLogin&cid=1&navigationDirection=forward&TL=AKqFyY_oWzx3rik38MhGw0TjXVS9IylJ7EYvBMKmdt7zntgUZobJV7-XFIKPXbXX,Gmail,1,0,2022-09-01 20:26:21,0,2022-09-01 20:26:21,0,1601-01-01 05:43:25,1,1918L04
5,5,https://accounts.google.com/info/sessionexpired?service=mail&passive=1209600&osid=1&continue=https%3A%2F%2Fmail.google.com%2Fmail%2Fu%2F0%2F&followup=https%3A%2F%2Fmail.google.com%2Fmail%2Fu%2F0%2F&emr=1&authuser=0&flowName=GlifWebSignIn&flowEntry=ServiceLogin&cid=1&TL=AKqFyY_oWzx3rik38MhGw0TjXVS9IylJ7EYvBMKmdt7zntgUZobJV7-XFIKPXbXX,Gmail,1,0,2022-09-01 20:46:48,0,2022-09-01 20:46:48,0,1601-01-01 05:43:25,1,1918L04
6,6,https://accounts.google.com/_/back?backstep=2,,1,0,2022-09-01 21:06:23,0,2022-09-01 21:06:23,2756,1601-01-01 05:43:25,1,1918L04
7,7,https://accounts.google.com/ServiceLogin/webreauth?service=mail&passive=1209600&osid=1&continue=https%3A%2F%2Fmail.google.com%2Fmail%2Fu%2F0%2F&followup=https%3A%2F%2Fmail.google.com%2Fmail%2Fu%2F0%2F&emr=1&authuser=0&flowName=GlifWebSignIn&flowEntry=ServiceLogin#inbox,Gmail,4,0,2022-10-14 14:35:18,0,2022-09-01 21:06:37,0,1601-01-01 05:34:45,1,1918L04
8,8,https://accounts.google.com/ServiceLogin?service=mail&passive=1209600&osid=1&continue=https%3A%2F%2Fmail.google.com%2Fmail%2Fu%2F0%2F&followup=https%3A%2F%2Fmail.google.com%2Fmail%2Fu%2F0%2F&emr=1&authuser=0&flowName=GlifWebSignIn&flowEntry=ServiceLogin#inbox,Gmail,2,0,2022-09-01 21:06:55,0,2022-09-01 21:06:37,2758,1601-01-01 05:03:27,1,1918L04
9,9,https://accounts.google.com/ServiceLogin?service=mail&passive=1209600&osid=1&continue=https%3A%2F%2Fmail.google.com%2Fmail%2Fu%2F0%2F&followup=https%3A%2F%2Fmail.google.com%2Fmail%2Fu%2F0%2F&emr=1&authuser=0&flowName=GlifWebSignIn&flowEntry=ServiceLogin#inbox,Gmail,2,0,2022-09-01 21:06:55,0,2022-09-01 21:06:55,0,1601-01-01 05:43:25,1,1918L04
10,10,https://accounts.google.com/ServiceLogin/webreauth?service=mail&passive=1209600&osid=1&continue=https%3A%2F%2Fmail.google.com%2Fmail%2Fu%2F0%2F&followup=https%3A%2F%2Fmail.google.com%2Fmail%2Fu%2F0%2F&emr=1&authuser=0&flowName=GlifWebSignIn&flowEntry=ServiceLogin#inbox,Gmail,4,0,2022-10-14 14:35:18,0,2022-09-01 21:06:55,0,1601-01-01 05:43:25,1,1918L04
11,11,https://accounts.google.com/info/unknownerror?service=mail&passive=1209600&osid=1&continue=https%3A%2F%2Fmail.google.com%2Fmail%2Fu%2F0%2F&followup=https%3A%2F%2Fmail.google.com%2Fmail%2Fu%2F0%2F&emr=1&authuser=0&flowName=GlifWebSignIn&flowEntry=ServiceLogin,Gmail,1,0,2022-09-01 21:08:08,0,2022-09-01 21:08:08,0,1601-01-01 05:43:25,1,1918L04
12,12,https://accounts.google.com/restart?service=mail&passive=1209600&osid=1&continue=https%3A%2F%2Fmail.google.com%2Fmail%2Fu%2F0%2F&followup=https%3A%2F%2Fmail.google.com%2Fmail%2Fu%2F0%2F&emr=1&authuser=0&flowName=GlifWebSignIn&flowEntry=ServiceLogin,Gmail,1,0,2022-09-01 21:08:41,0,2022-09-01 21:08:41,2762,1601-01-01 05:34:28,1,1918L04
13,13,https://accounts.google.com/ServiceLogin?service=mail&passive=1209600&osid=1&continue=https%3A%2F%2Fmail.google.com%2Fmail%2Fu%2F0%2F&followup=https%3A%2F%2Fmail.google.com%2Fmail%2Fu%2F0%2F&emr=1&authuser=0&flowName=GlifWebSignIn&flowEntry=ServiceLogin,Gmail,2,0,2022-09-01 21:09:00,0,2022-09-01 21:08:41,2763,1601-01-01 05:03:10,1,1918L04
14,14,https://accounts.google.com/ServiceLogin?service=mail&passive=1209600&osid=1&continue=https%3A%2F%2Fmail.google.com%2Fmail%2Fu%2F0%2F&followup=https%3A%2F%2Fmail.google.com%2Fmail%2Fu%2F0%2F&emr=1&authuser=0&flowName=GlifWebSignIn&flowEntry=ServiceLogin,Gmail,2,0,2022-09-01 21:09:00,0,2022-09-01 21:09:00,2762,1601-01-01 05:43:25,1,1918L04
15,15,https://accounts.google.com/ServiceLogin/webreauth?service=mail&passive=1209600&osid=1&continue=https%3A%2F%2Fmail.google.com%2Fmail%2Fu%2F0%2F&followup=https%3A%2F%2Fmail.google.com%2Fmail%2Fu%2F0%2F&emr=1&authuser=0&flowName=GlifWebSignIn&flowEntry=ServiceLogin,Gmail,1,0,2022-09-01 21:09:00,0,2022-09-01 21:09:00,2762,1601-01-01 05:43:25,1,1918L04
16,16,https://accounts.google.com/signin/v2/challenge/pwd?service=mail&passive=1209600&osid=1&continue=https%3A%2F%2Fmail.google.com%2Fmail%2Fu%2F0%2F&followup=https%3A%2F%2Fmail.google.com%2Fmail%2Fu%2F0%2F&emr=1&authuser=0&flowName=GlifWebSignIn&flowEntry=ServiceLogin&cid=1&navigationDirection=forward&TL=AKqFyY9FZXOjTFXMl5S4thW1MOC3LCZjHZqDhaeSZmFP-ULtU8qadzS5ddpc_VUm,Gmail,1,0,2022-09-01 21:09:22,0,2022-09-01 21:09:22,2762,1601-01-01 05:43:25,1,1918L04
17,17,https://accounts.google.com/CheckCookie?continue=https%3A%2F%2Fmail.google.com%2Fmail%2Fu%2F0%2F&service=mail&hl=en&checkedDomains=youtube&checkConnection=youtube%3A8557%3A0&pstMsg=1&osid=1&flowName=GlifWebSignIn&ifkv=AQN2RmVGtfuYvHQcHDIBlwWsH_o0v16vHW8iJ3R3M7rwitaEORQdcZawaHM6KtBahL7MFa72IX4s1w&chtml=LoginDoneHtml&gidl=EgIIAA,"Inbox (1,904) - goku.1918l03@gct.ac.in - Govt. College of Technology Mail",1,0,2022-09-01 21:09:55,0,2022-09-01 21:09:55,2767,1601-01-01 05:34:28,1,1918L04
18,18,https://mail.google.com/accounts/SetOSID?authuser=0&continue=https%3A%2F%2Faccounts.youtube.com%2Faccounts%2FSetSID%3Fssdc%3D1%26sidt%3DALWU2cutqOXs4Ik%252FtcDzb6BGQSDhV3X0AQZ4TpAJGsFj%252BpeQMFDv97fCB%252F7A8h9s4aTkSG8pY3XmXqJs1bOGVU33CNCbuVVfzGYiQdjhe%252Fjy3t22JMCS%252FM4UZqANLbGawVGEtCKZZm7cL92TnOrPdKk24R1UEjDDUmjWsmFHtkXZ3l0MztTF5WjhGQ8zModOy5yZrfsChokcl7e%252FRJZV6L2rFVconZPbAaAilXbWTWc5EG0UwPm0ShfBu04Bp6DNPphQcroShvbWincIvud71e6BHNw7XvCucbrYLFiwFSiCX01NeSyqmeYhdYH%252BqwiqB8q6zIetucZswckGM4fsLPjUUsYGOxlaisBQRl1g%252Fky7owIR%252FqMIitvhM342cqDVzaxgRLaTuYkyTXKDNw5YhaZqm3Ii0dwCcq8THwgDm8bj7j9ltHl6NSifpqLDbsqLB0f6k00MFnrEmguhDSO6BoWonABlSA0umM4DJZLwhxojvG8i%252BKjYq%252F1QMGJ8uQxP%252BjsFky5hk4pG%26continue%3Dhttps%253A%252F%252Fmail.google.com%252Fmail%252Fu%252F0%252F%26tcc%3D1%26dbus%3DIN&osidt=ALWU2ctjDuuNKR7o2lXL_df0r5CiFg15VIFIkgWQWmThwtjekqnxyi0HNARyUz8_krhoiulKP3vJIyDXoQFKPzGfTZ5QMH5EP9oAy4CQnu0jlw-KI7fZEYu59QxssTUqmoMji8dmBFaURmFGflUKyFxCCPOmkGgihsx3dQSXkhbHpsiiqneUkszKL1-CWre6umT3FQnNLSckwKQc_kCDBc9gplKp4vQdbA&tcc=1&ifkv=AQN2RmUBG--zCumNz6oO8fdX4wTziK-feFu3DypZzOgWfMfCvHfxetRei0iN8nkuEA-vfmThiIZ-BA,"Inbox (1,904) - goku.1918l03@gct.ac.in - Govt. College of Technology Mail",1,0,2022-09-01 21:09:55,0,2022-09-01 21:09:55,2768,1601-01-01 04:54:13,1,1918L04
19,19,https://accounts.youtube.com/accounts/SetSID?ssdc=1&sidt=ALWU2cutqOXs4Ik/tcDzb6BGQSDhV3X0AQZ4TpAJGsFj%2BpeQMFDv97fCB/7A8h9s4aTkSG8pY3XmXqJs1bOGVU33CNCbuVVfzGYiQdjhe/jy3t22JMCS/M4UZqANLbGawVGEtCKZZm7cL92TnOrPdKk24R1UEjDDUmjWsmFHtkXZ3l0MztTF5WjhGQ8zModOy5yZrfsChokcl7e/RJZV6L2rFVconZPbAaAilXbWTWc5EG0UwPm0ShfBu04Bp6DNPphQcroShvbWincIvud71e6BHNw7XvCucbrYLFiwFSiCX01NeSyqmeYhdYH%2BqwiqB8q6zIetucZswckGM4fsLPjUUsYGOxlaisBQRl1g/ky7owIR/qMIitvhM342cqDVzaxgRLaTuYkyTXKDNw5YhaZqm3Ii0dwCcq8THwgDm8bj7j9ltHl6NSifpqLDbsqLB0f6k00MFnrEmguhDSO6BoWonABlSA0umM4DJZLwhxojvG8i%2BKjYq/1QMGJ8uQxP%2BjsFky5hk4pG&continue=https://mail.google.com/mail/u/0/&tcc=1&dbus=IN&ifkv=AQN2RmU8HdOn-qPuW7XWwyKUz3UdnMZbqBJn9OsRhC2yjl92dDCUK9_zaK3VcpV9Vf5enPFYa38Mxw,"Inbox (1,904) - goku.1918l03@gct.ac.in - Govt. College of Technology Mail",1,0,2022-09-01 21:09:55,0,2022-09-01 21:09:55,2769,1601-01-01 04:54:13,1,1918L04
20,20,https://accounts.google.co.in/accounts/SetSID?ssdc=1&sidt=ALWU2csp0AmkqWIgTFhIyDxKWz69d9E%2Bh%2BfjOsQgz2wlMHrgYXeAxLxqLI0Vn/LjMeWHpFbDciO5VWhemaf3ZFepI5UaUjtifWdZJkiKe/hicA0uh1SsQpu6WBCVziJsTs8%2Bm1IfhbtuSsmcd0kz7/VPKD9pul67toUC/WEzYHyZFVKdXBIuGjZzgR5hDwR51ZtqBe1P%2BD%2BZKkc05kpxBdnX/sFCHUNzcJgoEX8%2BBtWwDTUqTySYJ0WZyjw50awV7dnLf7J%2BUGmIUP1csp/vfxR55qMnfjRnpaw8PjUm05YM%2B/UBlMUNhLpXI2pKcXZFm5juFgCTOgC1wy8M8khlQx4KR3Rox3XntFfhc291rolP37tpzu%2BA7DBaQ%2BHmND66/WCy3GmQ%2BTU5e0oVFGM164hO049HrGnSLUnw4jhjUwBx%2BhH0vz5tlxWqIf%2B2C%2BLdiU7dy0%2B5tucdg0XbiYpYuPLH1NN2iPg1m98Zih5APPkH8oHPhK%2BzkYTCul04oVTxPkFvCQGxJbHM&continue=https://mail.google.com/mail/u/0/&tcc=1&ifkv=AQN2RmWe-CXBaBr7LMTt5BWpb_crEXs6-waj-hLE9H119pHmB1-voIs0c6KZLYO0CdgOktfSDVwntg,"Inbox (1,904) - goku.1918l03@gct.ac.in - Govt. College of Technology Mail",1,0,2022-09-01 21:09:55,0,2022-09-01 21:09:55,2770,1601-01-01 04:54:13,1,1918L04
21,21,https://mail.google.com/mail/u/0/,"Inbox (1,924) - goku.1918l03@gct.ac.in - Govt. College of Technology Mail",2,0,2022-09-09 11:10:55,0,2022-09-01 21:09:55,2771,1601-01-01 04:54:13,1,1918L04
22,22,https://mail.google.com/mail/u/0/#inbox,Gmail,13,0,2022-10-14 14:34:22,0,2022-09-01 21:10:01,2772,1601-01-01 05:56:50,1,1918L04
23,23,https://mail.google.com/mail/u/0/#inbox,Gmail,13,0,2022-10-14 14:34:22,0,2022-09-08 12:55:50,0,1601-01-01 05:43:25,1,1918L04
24,24,https://mail.google.com/mail/u/0/#inbox,Gmail,13,0,2022-10-14 14:34:22,0,2022-09-08 12:56:20,2774,1601-01-01 05:47:53,1,1918L04
25,25,https://chat.google.com/u/0/mole/world?origin=https%3A%2F%2Fmail.google.com&shell=6&hs=%5B%22h_hs%22%2Cnull%2Cnull%2C%5B2%2C0%5D%2Cnull%2Cnull%2C%22gmail.pinto-server_20220824.08_p0%22%2C1%2Cnull%2C%5B19%2C28%2C9%2C14%2C26%2C17%2C20%2C18%2C11%2C31%2C15%2C21%2C6%5D%2Cnull%2Cnull%2C%22w3ZBN5eeORs.en..es5%22%2Cfalse%5D&hl=en&wfi=gtn-roster-iframe-id&oi=1#hot=1662621970266,"Inbox (1,922) - goku.1918l03@gct.ac.in - Govt. College of Technology Mail",1,0,2022-09-08 12:57:47,1,2022-09-08 12:57:47,0,1601-01-01 05:43:25,1,1918L04
26,26,https://mail.google.com/mail/u/0/#inbox/FMfcgzGqQSLXVmjbHHcQLMtpBKfXhJWL,Assessment Invitation | Samsung R&D Institute India - Bangalore | Samsung | Coding Test - goku.1918l03@gct.ac.in - Govt. College of Technology Mail,1,0,2022-09-08 12:58:23,0,2022-09-08 12:58:23,2775,1601-01-01 05:56:50,1,1918L04
27,27,"https://www.google.com/url?q=https://www.cocubes.com/url-redirect?id%3D%26rl%3D0%26hash%3DCI-CLIp5bz06LTUu2ymomPe3FDI,%26mtid%3D3e926664-e7e9-4fe3-868c-2d0c1abb1c88%26rurl%3Dhttps%253a%252f%252fassess.cocubes.com%252fsign-in%253fexpires%253d637982244000000000%2526iid%253d653032%2526oot%253d67111205%2526starts%253d637982190000000000%2526tid%253d57291%2526tks%253d637982119798257774%2526uuid%253d4160692160%2526v%253d4%2526hk%253d8Rpe5i9u436i6H_SumRvyQ8DVxk%25252c&source=gmail&ust=1662708375146000&usg=AOvVaw3fuERCiRs2M-kq0Hf_fU2R",Candidate Details - Aon,1,0,2022-09-08 12:58:48,0,2022-09-08 12:58:48,0,1601-01-01 05:34:28,1,1918L04
28,28,"https://www.cocubes.com/url-redirect?id=&rl=0&hash=CI-CLIp5bz06LTUu2ymomPe3FDI,&mtid=3e926664-e7e9-4fe3-868c-2d0c1abb1c88&rurl=https%3a%2f%2fassess.cocubes.com%2fsign-in%3fexpires%3d637982244000000000%26iid%3d653032%26oot%3d67111205%26starts%3d637982190000000000%26tid%3d57291%26tks%3d637982119798257774%26uuid%3d4160692160%26v%3d4%26hk%3d8Rpe5i9u436i6H_SumRvyQ8DVxk%252c",Candidate Details - Aon,1,0,2022-09-08 12:58:48,0,2022-09-08 12:58:48,2778,1601-01-01 04:54:13,1,1918L04
29,29,https://assess.cocubes.com/sign-in?expires=637982244000000000&iid=653032&oot=67111205&starts=637982190000000000&tid=57291&tks=637982119798257774&uuid=4160692160&v=4&hk=8Rpe5i9u436i6H_SumRvyQ8DVxk%2c,Candidate Details - Aon,1,0,2022-09-08 13:00:05,0,2022-09-08 12:58:48,2779,1601-01-01 05:03:10,1,1918L04
30,30,https://assess.cocubes.com/sign-in?expires=637982244000000000&iid=653032&oot=67111205&starts=637982190000000000&tid=57291&tks=637982119798257774&uuid=4160692160&v=4&hk=8Rpe5i9u436i6H_SumRvyQ8DVxk%2c,Candidate Details - Aon,1,0,2022-09-08 13:00:05,0,2022-09-08 13:00:05,0,1601-01-01 05:34:28,1,1918L04
31,31,https://assess.cocubes.com/candidate-details?tid=57291&uid=1512711&src=CandidateDetailsPage&tks=637982388080164969&lang=0,Candidate Details - Aon,1,0,2022-09-08 13:00:11,0,2022-09-08 13:00:11,2781,1601-01-01 05:56:50,1,1918L04
32,32,https://assess.cocubes.com/instructions?tid=57291&uid=1512711&src=CandidateDetailsPage&tks=637982391592164542,Important Instructions - Aon,1,0,2022-09-08 13:06:05,0,2022-09-08 13:06:05,2782,1601-01-01 05:43:25,1,1918L04
33,33,https://assess.cocubes.com/assessment?tid=57291&uid=1512711&src=InstructionsPage&tks=637982391811676432,Samsung | Coding Test - Samsung R&D Institute India - Bangalore :,1,0,2022-09-08 13:06:21,0,2022-09-08 13:06:21,2783,1601-01-01 05:43:25,1,1918L04
34,34,https://www.google.com/search?q=gmail&rlz=1C1YTUH_enIN998IN998&oq=gma&aqs=chrome.1.69i57j0i271l3j69i61.11946j0j15&sourceid=chrome&ie=UTF-8,gmail - Google Search,4,0,2022-09-09 11:10:53,0,2022-09-09 11:10:52,0,1601-01-01 05:34:28,1,1918L04
35,35,https://www.google.com/search?q=gmail&rlz=1C1YTUH_enIN998IN998&oq=gma&aqs=chrome.1.69i57j0i271l3j69i61.11946j0j15&sourceid=chrome&ie=UTF-8,gmail - Google Search,4,0,2022-09-09 11:10:53,0,2022-09-09 11:10:52,2785,1601-01-01 04:54:13,1,1918L04
36,36,https://www.google.com/search?q=gmail&rlz=1C1YTUH_enIN998IN998&oq=gma&aqs=chrome.1.69i57j0i271l3j69i61.11946j0j15&sourceid=chrome&ie=UTF-8,gmail - Google Search,4,0,2022-09-09 11:10:53,0,2022-09-09 11:10:52,2786,1601-01-01 05:03:10,1,1918L04
37,37,https://www.google.com/search?q=gmail&rlz=1C1YTUH_enIN998IN998&oq=gma&aqs=chrome.1.69i57j0i271l3j69i61.11946j0j15&sourceid=chrome&ie=UTF-8,gmail - Google Search,4,0,2022-09-09 11:10:53,0,2022-09-09 11:10:53,0,1601-01-01 05:43:25,1,1918L04
38,38,https://mail.google.com/mail/,"Inbox (1,924) - goku.1918l03@gct.ac.in - Govt. College of Technology Mail",1,0,2022-09-09 11:10:55,0,2022-09-09 11:10:55,2788,1601-01-01 05:34:28,1,1918L04
39,39,https://mail.google.com/mail/u/0/,"Inbox (1,924) - goku.1918l03@gct.ac.in - Govt. College of Technology Mail",2,0,2022-09-09 11:10:55,0,2022-09-09 11:10:55,2789,1601-01-01 04:54:13,1,1918L04
40,40,https://mail.google.com/mail/u/0/#inbox,Gmail,13,0,2022-10-14 14:34:22,0,2022-09-09 11:10:59,2790,1601-01-01 05:56:50,1,1918L04
41,41,https://mail.google.com/mail/u/0/#search/IBM,Search results - goku.1918l03@gct.ac.in - Govt. College of Technology Mail,4,0,2022-09-09 11:11:36,0,2022-09-09 11:11:25,0,1601-01-01 05:43:25,1,1918L04
42,42,https://mail.google.com/mail/u/0/#search/IBM,Search results - goku.1918l03@gct.ac.in - Govt. College of Technology Mail,4,0,2022-09-09 11:11:36,0,2022-09-09 11:11:25,0,1601-01-01 05:43:25,1,1918L04
43,43,https://mail.google.com/mail/u/0/#search/IBM/FMfcgzGqQJnxMZkcLGkJVgMHDDLQCbSL,Welcome to IBM Cloud! Let’s get started. - goku.1918l03@gct.ac.in - Govt. College of Technology Mail,3,0,2022-09-09 11:11:44,0,2022-09-09 11:11:30,0,1601-01-01 05:43:25,1,1918L04
44,44,https://mail.google.com/mail/u/0/#search/IBM/FMfcgzGqQJnxMZkcLGkJVgMHDDLQCbSL,Welcome to IBM Cloud! Let’s get started. - goku.1918l03@gct.ac.in - Govt. College of Technology Mail,3,0,2022-09-09 11:11:44,0,2022-09-09 11:11:30,0,1601-01-01 05:43:25,1,1918L04
45,45,https://mail.google.com/mail/u/0/#search/IBM,Search results - goku.1918l03@gct.ac.in - Govt. College of Technology Mail,4,0,2022-09-09 11:11:36,0,2022-09-09 11:11:36,0,1601-01-01 05:43:25,1,1918L04
46,46,https://mail.google.com/mail/u/0/#search/IBM,Search results - goku.1918l03@gct.ac.in - Govt. College of Technology Mail,4,0,2022-09-09 11:11:36,0,2022-09-09 11:11:36,0,1601-01-01 05:43:25,1,1918L04
47,47,https://mail.google.com/mail/u/0/#search/IBM/FMfcgzGqQJnxMZkcLGkJVgMHDDLQCbSL,Welcome to IBM Cloud! Let’s get started. - goku.1918l03@gct.ac.in - Govt. College of Technology Mail,3,0,2022-09-09 11:11:44,0,2022-09-09 11:11:44,0,1601-01-01 05:43:42,1,1918L04
48,48,https://online.shrs.pitt.edu/blog/data-analytics-in-health-care/,The Role of Data Analytics in Health Care,2,0,2022-09-10 13:45:51,0,2022-09-10 13:45:46,0,1601-01-01 05:43:25,1,1918L04
49,49,https://online.shrs.pitt.edu/blog/data-analytics-in-health-care/,The Role of Data Analytics in Health Care,2,0,2022-09-10 13:45:51,0,2022-09-10 13:45:51,0,1601-01-01 05:43:25,1,1918L04
50,50,https://app.mural.co/invitation/mural/kritheebhanb8007/1662750324350?sender=u07b74797ec8e43aa7e445595&key=b75de295-58bb-47e2-96f4-375f8f7855b1,MURAL,2,0,2022-09-10 13:48:38,0,2022-09-10 13:47:39,0,1601-01-01 05:43:25,1,1918L04
51,51,https://app.mural.co/signin-join-mural?returnUrl=%2Finvitation%2Fmural%2Fkritheebhanb8007%2F1662750324350%3Fsender%3Du07b74797ec8e43aa7e445595%26key%3Db75de295-58bb-47e2-96f4-375f8f7855b1&title=&viral=true,MURAL,1,0,2022-09-10 13:47:57,0,2022-09-10 13:47:57,0,1601-01-01 05:43:25,1,1918L04
52,52,https://accounts.google.com/o/oauth2/v2/auth?client_id=451562977126-3ab8hvt39dj613p39d8cfqn0eakl1f04.apps.googleusercontent.com&login_hint=goku.1918l03%40gct.ac.in&redirect_uri=https%3A%2F%2Fapp.mural.co%2Fverify-code&response_type=code&scope=profile+email&state=eyJsb2dpbiI6ZmFsc2UsInJldHVyblVybCI6Ii9pbnZpdGF0aW9uL211cmFsL2tyaXRoZWViaGFuYjgwMDcvMTY2Mjc1MDMyNDM1MD9zZW5kZXI9dTA3Yjc0Nzk3ZWM4ZTQzYWE3ZTQ0NTU5NSZrZXk9Yjc1ZGUyOTUtNThiYi00N2UyLTk2ZjQtMzc1ZjhmNzg1NWIxIiwid2FzVmlzaXRvckJlZm9yZSI6ZmFsc2UsImlkZW50aXR5UHJvdmlkZXJOYW1lIjoiZ29vZ2xlIiwicmVmZXJlciI6Imh0dHBzOi8vYXBwLm11cmFsLmNvL3NpZ25pbi1qb2luLW11cmFsP3JldHVyblVybD0lMkZpbnZpdGF0aW9uJTJGbXVyYWwlMkZrcml0aGVlYmhhbmI4MDA3JTJGMTY2Mjc1MDMyNDM1MCUzRnNlbmRlciUzRHUwN2I3NDc5N2VjOGU0M2FhN2U0NDU1OTUlMjZrZXklM0RiNzVkZTI5NS01OGJiLTQ3ZTItOTZmNC0zNzVmOGY3ODU1YjEmdGl0bGU9JnZpcmFsPXRydWUiLCJzc29GaXJzdCI6ZmFsc2V9,Sign in - Google Accounts,1,0,2022-09-10 13:48:27,0,2022-09-10 13:48:27,2802,1601-01-01 05:34:28,1,1918L04
53,53,https://accounts.google.com/o/oauth2/v2/auth?login_hint=goku.1918l03%40gct.ac.in&scope=profile+email&response_type=code&redirect_uri=https%3A%2F%2Fapp.mural.co%2Fverify-code&state=eyJsb2dpbiI6ZmFsc2UsInJldHVyblVybCI6Ii9pbnZpdGF0aW9uL211cmFsL2tyaXRoZWViaGFuYjgwMDcvMTY2Mjc1MDMyNDM1MD9zZW5kZXI9dTA3Yjc0Nzk3ZWM4ZTQzYWE3ZTQ0NTU5NSZrZXk9Yjc1ZGUyOTUtNThiYi00N2UyLTk2ZjQtMzc1ZjhmNzg1NWIxIiwid2FzVmlzaXRvckJlZm9yZSI6ZmFsc2UsImlkZW50aXR5UHJvdmlkZXJOYW1lIjoiZ29vZ2xlIiwicmVmZXJlciI6Imh0dHBzOi8vYXBwLm11cmFsLmNvL3NpZ25pbi1qb2luLW11cmFsP3JldHVyblVybD0lMkZpbnZpdGF0aW9uJTJGbXVyYWwlMkZrcml0aGVlYmhhbmI4MDA3JTJGMTY2Mjc1MDMyNDM1MCUzRnNlbmRlciUzRHUwN2I3NDc5N2VjOGU0M2FhN2U0NDU1OTUlMjZrZXklM0RiNzVkZTI5NS01OGJiLTQ3ZTItOTZmNC0zNzVmOGY3ODU1YjEmdGl0bGU9JnZpcmFsPXRydWUiLCJzc29GaXJzdCI6ZmFsc2V9&client_id=451562977126-3ab8hvt39dj613p39d8cfqn0eakl1f04.apps.googleusercontent.com&hd=gct.ac.in&as=S-1609820961%3A1662797909677438,Sign in - Google Accounts,2,0,2022-09-10 13:48:29,0,2022-09-10 13:48:27,2803,1601-01-01 05:03:10,1,1918L04
54,54,https://accounts.google.com/o/oauth2/v2/auth?login_hint=goku.1918l03%40gct.ac.in&scope=profile+email&response_type=code&redirect_uri=https%3A%2F%2Fapp.mural.co%2Fverify-code&state=eyJsb2dpbiI6ZmFsc2UsInJldHVyblVybCI6Ii9pbnZpdGF0aW9uL211cmFsL2tyaXRoZWViaGFuYjgwMDcvMTY2Mjc1MDMyNDM1MD9zZW5kZXI9dTA3Yjc0Nzk3ZWM4ZTQzYWE3ZTQ0NTU5NSZrZXk9Yjc1ZGUyOTUtNThiYi00N2UyLTk2ZjQtMzc1ZjhmNzg1NWIxIiwid2FzVmlzaXRvckJlZm9yZSI6ZmFsc2UsImlkZW50aXR5UHJvdmlkZXJOYW1lIjoiZ29vZ2xlIiwicmVmZXJlciI6Imh0dHBzOi8vYXBwLm11cmFsLmNvL3NpZ25pbi1qb2luLW11cmFsP3JldHVyblVybD0lMkZpbnZpdGF0aW9uJTJGbXVyYWwlMkZrcml0aGVlYmhhbmI4MDA3JTJGMTY2Mjc1MDMyNDM1MCUzRnNlbmRlciUzRHUwN2I3NDc5N2VjOGU0M2FhN2U0NDU1OTUlMjZrZXklM0RiNzVkZTI5NS01OGJiLTQ3ZTItOTZmNC0zNzVmOGY3ODU1YjEmdGl0bGU9JnZpcmFsPXRydWUiLCJzc29GaXJzdCI6ZmFsc2V9&client_id=451562977126-3ab8hvt39dj613p39d8cfqn0eakl1f04.apps.googleusercontent.com&hd=gct.ac.in&as=S-1609820961%3A1662797909677438,Sign in - Google Accounts,2,0,2022-09-10 13:48:29,0,2022-09-10 13:48:29,0,1601-01-01 05:43:25,1,1918L04
55,55,https://accounts.google.com/o/oauth2/v2/auth/oauthchooseaccount?login_hint=goku.1918l03%40gct.ac.in&scope=profile%20email&response_type=code&redirect_uri=https%3A%2F%2Fapp.mural.co%2Fverify-code&state=eyJsb2dpbiI6ZmFsc2UsInJldHVyblVybCI6Ii9pbnZpdGF0aW9uL211cmFsL2tyaXRoZWViaGFuYjgwMDcvMTY2Mjc1MDMyNDM1MD9zZW5kZXI9dTA3Yjc0Nzk3ZWM4ZTQzYWE3ZTQ0NTU5NSZrZXk9Yjc1ZGUyOTUtNThiYi00N2UyLTk2ZjQtMzc1ZjhmNzg1NWIxIiwid2FzVmlzaXRvckJlZm9yZSI6ZmFsc2UsImlkZW50aXR5UHJvdmlkZXJOYW1lIjoiZ29vZ2xlIiwicmVmZXJlciI6Imh0dHBzOi8vYXBwLm11cmFsLmNvL3NpZ25pbi1qb2luLW11cmFsP3JldHVyblVybD0lMkZpbnZpdGF0aW9uJTJGbXVyYWwlMkZrcml0aGVlYmhhbmI4MDA3JTJGMTY2Mjc1MDMyNDM1MCUzRnNlbmRlciUzRHUwN2I3NDc5N2VjOGU0M2FhN2U0NDU1OTUlMjZrZXklM0RiNzVkZTI5NS01OGJiLTQ3ZTItOTZmNC0zNzVmOGY3ODU1YjEmdGl0bGU9JnZpcmFsPXRydWUiLCJzc29GaXJzdCI6ZmFsc2V9&client_id=451562977126-3ab8hvt39dj613p39d8cfqn0eakl1f04.apps.googleusercontent.com&hd=gct.ac.in&as=S-1609820961%3A1662797909677438&flowName=GeneralOAuthFlow,Sign in - Google Accounts,1,0,2022-09-10 13:48:29,0,2022-09-10 13:48:29,0,1601-01-01 05:43:25,1,1918L04
56,56,https://app.mural.co/verify-code?state=eyJsb2dpbiI6ZmFsc2UsInJldHVyblVybCI6Ii9pbnZpdGF0aW9uL211cmFsL2tyaXRoZWViaGFuYjgwMDcvMTY2Mjc1MDMyNDM1MD9zZW5kZXI9dTA3Yjc0Nzk3ZWM4ZTQzYWE3ZTQ0NTU5NSZrZXk9Yjc1ZGUyOTUtNThiYi00N2UyLTk2ZjQtMzc1ZjhmNzg1NWIxIiwid2FzVmlzaXRvckJlZm9yZSI6ZmFsc2UsImlkZW50aXR5UHJvdmlkZXJOYW1lIjoiZ29vZ2xlIiwicmVmZXJlciI6Imh0dHBzOi8vYXBwLm11cmFsLmNvL3NpZ25pbi1qb2luLW11cmFsP3JldHVyblVybD0lMkZpbnZpdGF0aW9uJTJGbXVyYWwlMkZrcml0aGVlYmhhbmI4MDA3JTJGMTY2Mjc1MDMyNDM1MCUzRnNlbmRlciUzRHUwN2I3NDc5N2VjOGU0M2FhN2U0NDU1OTUlMjZrZXklM0RiNzVkZTI5NS01OGJiLTQ3ZTItOTZmNC0zNzVmOGY3ODU1YjEmdGl0bGU9JnZpcmFsPXRydWUiLCJzc29GaXJzdCI6ZmFsc2V9&code=4/0AdQt8qge2VJca21bzJrMVGDDPLt6gtuzBBzLEN9XREO3C0_6qPHOu-dVtVeP9Xfl-3YSQg&scope=email%20profile%20https://www.googleapis.com/auth/userinfo.profile%20https://www.googleapis.com/auth/userinfo.email%20openid&authuser=0&hd=gct.ac.in&prompt=consent,MURAL,1,0,2022-09-10 13:48:31,0,2022-09-10 13:48:31,2806,1601-01-01 05:43:25,1,1918L04
57,57,https://app.mural.co/terms-and-conditions?returnUrl=%2Finvitation%2Fmural%2Fkritheebhanb8007%2F1662750324350%3Fsender%3Du07b74797ec8e43aa7e445595%26key%3Db75de295-58bb-47e2-96f4-375f8f7855b1,MURAL - Terms and conditions • MURAL,1,0,2022-09-10 13:48:34,0,2022-09-10 13:48:34,0,1601-01-01 05:43:25,1,1918L04
58,58,https://app.mural.co/invitation/mural/kritheebhanb8007/1662750324350?sender=u07b74797ec8e43aa7e445595&key=b75de295-58bb-47e2-96f4-375f8f7855b1,MURAL,2,0,2022-09-10 13:48:38,0,2022-09-10 13:48:38,2808,1601-01-01 05:43:25,1,1918L04
59,59,https://app.mural.co/temporary-mural,MURAL,1,0,2022-09-10 13:48:39,0,2022-09-10 13:48:39,2808,1601-01-01 05:43:25,1,1918L04
60,60,https://app.mural.co/temporary-mural?sender=u05c7f1a2061fe117b6536142,Learn the basics,1,0,2022-09-10 13:48:41,0,2022-09-10 13:48:41,2808,1601-01-01 05:43:25,1,1918L04
61,61,https://app.mural.co/t/kritheebhanb8007/m/kritheebhanb8007/1662750324350,MURAL,1,0,2022-09-10 13:48:50,0,2022-09-10 13:48:50,2811,1601-01-01 05:43:25,1,1918L04
62,62,https://app.mural.co/t/kritheebhanb8007/m/kritheebhanb8007/1662750324350/5b5d1ded46e8de0a4bde6c8926bf9a3ccdbf3785,MURAL,1,0,2022-09-10 13:48:52,0,2022-09-10 13:48:52,2811,1601-01-01 05:43:25,1,1918L04
63,63,https://app.mural.co/t/kritheebhanb8007/m/kritheebhanb8007/1662750324350/5b5d1ded46e8de0a4bde6c8926bf9a3ccdbf3785?sender=u05c7f1a2061fe117b6536142,Untitled mural • Kritheebhan B,19,0,2022-09-10 16:02:03,0,2022-09-10 13:48:52,2811,1601-01-01 05:43:25,1,1918L04
64,64,https://murally.blob.core.windows.net/uploads/kritheebhanb8007/0-1662800599002.png?se=2022-09-10T09%3A16%3A00Z&sp=r&sv=2018-03-28&sr=b&rscc=public%2C%20max-age%3D600&sig=4tw5xeEqf%2BrrJcxZmLJL7kV68xxLngPd23c2790E9rY%3D,0-1662800599002.png (981×982),1,0,2022-09-10 14:33:37,0,2022-09-10 14:33:37,0,1601-01-01 05:43:25,1,1918L04
65,65,https://app.mural.co/t/kritheebhanb8007/m/kritheebhanb8007/1662750324350/5b5d1ded46e8de0a4bde6c8926bf9a3ccdbf3785?sender=u05c7f1a2061fe117b6536142,Untitled mural • Kritheebhan B,19,0,2022-09-10 16:02:03,0,2022-09-10 14:54:21,2814,1601-01-01 05:47:53,1,1918L04
66,66,https://app.mural.co/t/kritheebhanb8007/m/kritheebhanb8007/1662750324350/5b5d1ded46e8de0a4bde6c8926bf9a3ccdbf3785?sender=u05c7f1a2061fe117b6536142,Untitled mural • Kritheebhan B,19,0,2022-09-10 16:02:03,0,2022-09-10 14:54:24,2816,1601-01-01 05:56:50,1,1918L04
67,67,https://app.mural.co/t/kritheebhanb8007/m/kritheebhanb8007/1662750324350/5b5d1ded46e8de0a4bde6c8926bf9a3ccdbf3785?sender=u05c7f1a2061fe117b6536142,Untitled mural • Kritheebhan B,19,0,2022-09-10 16:02:03,0,2022-09-10 15:25:59,2817,1601-01-01 05:47:53,1,1918L04
68,68,https://app.mural.co/t/kritheebhanb8007/m/kritheebhanb8007/1662750324350/5b5d1ded46e8de0a4bde6c8926bf9a3ccdbf3785?sender=u05c7f1a2061fe117b6536142,Untitled mural • Kritheebhan B,19,0,2022-09-10 16:02:03,0,2022-09-10 15:26:01,2818,1601-01-01 05:56:50,1,1918L04
69,69,https://app.mural.co/t/kritheebhanb8007/m/kritheebhanb8007/1662750324350/5b5d1ded46e8de0a4bde6c8926bf9a3ccdbf3785?sender=u05c7f1a2061fe117b6536142,Untitled mural • Kritheebhan B,19,0,2022-09-10 16:02:03,0,2022-09-10 15:28:34,2819,1601-01-01 05:47:53,1,1918L04
70,70,https://app.mural.co/t/kritheebhanb8007/m/kritheebhanb8007/1662750324350/5b5d1ded46e8de0a4bde6c8926bf9a3ccdbf3785?sender=u05c7f1a2061fe117b6536142,Untitled mural • Kritheebhan B,19,0,2022-09-10 16:02:03,0,2022-09-10 15:28:37,2820,1601-01-01 05:56:50,1,1918L04
71,71,https://app.mural.co/t/kritheebhanb8007/m/kritheebhanb8007/1662750324350/5b5d1ded46e8de0a4bde6c8926bf9a3ccdbf3785?sender=u05c7f1a2061fe117b6536142,Untitled mural • Kritheebhan B,19,0,2022-09-10 16:02:03,0,2022-09-10 15:28:56,2821,1601-01-01 05:47:53,1,1918L04
72,72,https://app.mural.co/t/kritheebhanb8007/m/kritheebhanb8007/1662750324350/5b5d1ded46e8de0a4bde6c8926bf9a3ccdbf3785?sender=u05c7f1a2061fe117b6536142,Untitled mural • Kritheebhan B,19,0,2022-09-10 16:02:03,0,2022-09-10 15:28:59,2822,1601-01-01 05:56:50,1,1918L04
73,73,https://app.mural.co/t/kritheebhanb8007/m/kritheebhanb8007/1662750324350/5b5d1ded46e8de0a4bde6c8926bf9a3ccdbf3785?sender=u05c7f1a2061fe117b6536142,Untitled mural • Kritheebhan B,19,0,2022-09-10 16:02:03,0,2022-09-10 15:29:21,2823,1601-01-01 05:47:53,1,1918L04
74,74,https://app.mural.co/t/kritheebhanb8007/m/kritheebhanb8007/1662750324350/5b5d1ded46e8de0a4bde6c8926bf9a3ccdbf3785?sender=u05c7f1a2061fe117b6536142,Untitled mural • Kritheebhan B,19,0,2022-09-10 16:02:03,0,2022-09-10 15:29:23,2824,1601-01-01 05:56:50,1,1918L04
75,75,https://app.mural.co/t/kritheebhanb8007/m/kritheebhanb8007/1662750324350/5b5d1ded46e8de0a4bde6c8926bf9a3ccdbf3785?sender=u05c7f1a2061fe117b6536142,Untitled mural • Kritheebhan B,19,0,2022-09-10 16:02:03,0,2022-09-10 15:33:17,2825,1601-01-01 05:47:53,1,1918L04
76,76,https://app.mural.co/t/kritheebhanb8007/m/kritheebhanb8007/1662750324350/5b5d1ded46e8de0a4bde6c8926bf9a3ccdbf3785?sender=u05c7f1a2061fe117b6536142,Untitled mural • Kritheebhan B,19,0,2022-09-10 16:02:03,0,2022-09-10 15:33:20,2826,1601-01-01 05:56:50,1,1918L04
77,77,https://app.mural.co/t/kritheebhanb8007/m/kritheebhanb8007/1662750324350/5b5d1ded46e8de0a4bde6c8926bf9a3ccdbf3785?sender=u05c7f1a2061fe117b6536142,Untitled mural • Kritheebhan B,19,0,2022-09-10 16:02:03,0,2022-09-10 15:45:19,2827,1601-01-01 05:47:53,1,1918L04
78,78,https://app.mural.co/t/kritheebhanb8007/m/kritheebhanb8007/1662750324350/5b5d1ded46e8de0a4bde6c8926bf9a3ccdbf3785?sender=u05c7f1a2061fe117b6536142,Untitled mural • Kritheebhan B,19,0,2022-09-10 16:02:03,0,2022-09-10 15:45:22,2828,1601-01-01 05:56:50,1,1918L04
79,79,https://app.mural.co/t/kritheebhanb8007/m/kritheebhanb8007/1662750324350/5b5d1ded46e8de0a4bde6c8926bf9a3ccdbf3785?sender=u05c7f1a2061fe117b6536142,Untitled mural • Kritheebhan B,19,0,2022-09-10 16:02:03,0,2022-09-10 16:00:40,2829,1601-01-01 05:47:53,1,1918L04
80,80,https://app.mural.co/t/kritheebhanb8007/m/kritheebhanb8007/1662750324350/5b5d1ded46e8de0a4bde6c8926bf9a3ccdbf3785?sender=u05c7f1a2061fe117b6536142,Untitled mural • Kritheebhan B,19,0,2022-09-10 16:02:03,0,2022-09-10 16:00:43,2830,1601-01-01 05:56:50,1,1918L04
81,81,https://app.mural.co/t/kritheebhanb8007/m/kritheebhanb8007/1662750324350/5b5d1ded46e8de0a4bde6c8926bf9a3ccdbf3785?sender=u05c7f1a2061fe117b6536142,Untitled mural • Kritheebhan B,19,0,2022-09-10 16:02:03,0,2022-09-10 16:01:57,2831,1601-01-01 05:47:53,1,1918L04
82,82,https://app.mural.co/t/kritheebhanb8007/m/kritheebhanb8007/1662750324350/5b5d1ded46e8de0a4bde6c8926bf9a3ccdbf3785?sender=u05c7f1a2061fe117b6536142,Untitled mural • Kritheebhan B,19,0,2022-09-10 16:02:03,0,2022-09-10 16:02:03,2832,1601-01-01 05:56:50,1,1918L04
83,83,https://i.ytimg.com/vi/97AUCrEgTj0/hqdefault.jpg,hqdefault.jpg (480×360),1,0,2022-09-10 16:16:49,0,2022-09-10 16:16:49,0,1601-01-01 05:43:25,1,1918L04
84,84,http://web.whatsapp.com/,WhatsApp Web,1,0,2022-09-10 16:20:28,0,2022-09-10 16:20:28,0,1601-01-01 05:34:28,1,1918L04
85,85,https://web.whatsapp.com/,WhatsApp Web,1,0,2022-09-10 16:20:28,0,2022-09-10 16:20:28,2835,1601-01-01 05:03:10,1,1918L04
86,86,https://www.google.com/search?q=mural+login&rlz=1C1YTUH_enIN998IN998&oq=mural+login&aqs=chrome..69i57j0i512l2j0i22i30l7.5593j0j15&sourceid=chrome&ie=UTF-8,mural login - Google Search,2,0,2022-09-10 16:20:41,0,2022-09-10 16:20:39,0,1601-01-01 05:43:25,1,1918L04
87,87,https://www.google.com/search?q=mural+login&rlz=1C1YTUH_enIN998IN998&oq=mural+login&aqs=chrome..69i57j0i512l2j0i22i30l7.5593j0j15&sourceid=chrome&ie=UTF-8,mural login - Google Search,2,0,2022-09-10 16:20:41,0,2022-09-10 16:20:41,0,1601-01-01 05:43:25,1,1918L04
88,88,https://www.mural.co/,MURAL is a collaborative intelligence company | MURAL,8,0,2022-10-14 20:38:42,0,2022-09-10 16:20:42,2838,1601-01-01 05:43:25,1,1918L04
89,89,https://app.mural.co/signin,MURAL,7,0,2022-10-14 20:38:49,0,2022-09-10 16:20:49,2839,1601-01-01 05:43:25,1,1918L04
90,90,https://app.mural.co/dashboard,MURAL,9,0,2022-10-14 20:41:34,0,2022-09-10 16:20:51,2839,1601-01-01 05:43:25,1,1918L04
91,91,https://app.mural.co/t/kritheebhanb8007,MURAL,4,0,2022-09-10 16:24:46,0,2022-09-10 16:20:51,2839,1601-01-01 05:43:25,1,1918L04
92,92,https://app.mural.co/t/kritheebhanb8007/home,MURAL,2,0,2022-09-10 16:22:03,0,2022-09-10 16:20:52,2839,1601-01-01 05:43:25,1,1918L04
93,93,https://app.mural.co/signin?returnUrl=%2Ft%2Fkritheebhanb8007%2Fhome,Sign in • MURAL,1,0,2022-09-10 16:21:20,0,2022-09-10 16:21:20,2843,1601-01-01 05:43:25,1,1918L04
94,94,https://www.google.com/search?q=mural+login&rlz=1C1YTUH_enIN998IN998&oq=mura&aqs=chrome.0.69i59j69i57j0i131i433i512j0i131i433j0i131i433i512j46i131i433i512j46i199i433i465j0i131i433i512j0i131i433j46i175i199i512.2015j0j15&sourceid=chrome&ie=UTF-8,mural login - Google Search,2,0,2022-09-10 16:21:35,0,2022-09-10 16:21:34,0,1601-01-01 05:43:25,1,1918L04
95,95,https://www.google.com/search?q=mural+login&rlz=1C1YTUH_enIN998IN998&oq=mura&aqs=chrome.0.69i59j69i57j0i131i433i512j0i131i433j0i131i433i512j46i131i433i512j46i199i433i465j0i131i433i512j0i131i433j46i175i199i512.2015j0j15&sourceid=chrome&ie=UTF-8,mural login - Google Search,2,0,2022-09-10 16:21:35,0,2022-09-10 16:21:35,0,1601-01-01 05:43:25,1,1918L04
96,96,https://www.mural.co/,MURAL is a collaborative intelligence company | MURAL,8,0,2022-10-14 20:38:42,0,2022-09-10 16:21:38,2846,1601-01-01 05:43:25,1,1918L04
97,97,https://app.mural.co/signup,MURAL,4,0,2022-09-10 16:49:40,0,2022-09-10 16:21:41,2847,1601-01-01 05:43:25,1,1918L04
98,98,https://app.mural.co/signin,MURAL,7,0,2022-10-14 20:38:49,0,2022-09-10 16:21:57,2847,1601-01-01 05:43:25,1,1918L04
99,99,https://accounts.google.com/o/oauth2/v2/auth?client_id=451562977126-3ab8hvt39dj613p39d8cfqn0eakl1f04.apps.googleusercontent.com&login_hint=goku.1918l03%40gct.ac.in&redirect_uri=https%3A%2F%2Fapp.mural.co%2Fverify-code&response_type=code&scope=profile+email&state=eyJsb2dpbiI6dHJ1ZSwid2FzVmlzaXRvckJlZm9yZSI6ZmFsc2UsImlkZW50aXR5UHJvdmlkZXJOYW1lIjoiZ29vZ2xlIiwicmVmZXJlciI6Imh0dHBzOi8vYXBwLm11cmFsLmNvL3NpZ25pbiIsInNzb0ZpcnN0IjpmYWxzZX0%3D,MURAL,1,0,2022-09-10 16:22:01,0,2022-09-10 16:22:01,2849,1601-01-01 05:34:28,1,1918L04
100,100,https://accounts.google.com/o/oauth2/v2/auth?login_hint=goku.1918l03%40gct.ac.in&scope=profile+email&response_type=code&redirect_uri=https%3A%2F%2Fapp.mural.co%2Fverify-code&state=eyJsb2dpbiI6dHJ1ZSwid2FzVmlzaXRvckJlZm9yZSI6ZmFsc2UsImlkZW50aXR5UHJvdmlkZXJOYW1lIjoiZ29vZ2xlIiwicmVmZXJlciI6Imh0dHBzOi8vYXBwLm11cmFsLmNvL3NpZ25pbiIsInNzb0ZpcnN0IjpmYWxzZX0%3D&client_id=451562977126-3ab8hvt39dj613p39d8cfqn0eakl1f04.apps.googleusercontent.com&hd=gct.ac.in&as=S252648158%3A1662807123452483,MURAL,1,0,2022-09-10 16:22:01,0,2022-09-10 16:22:01,2850,1601-01-01 04:54:13,1,1918L04
101,101,https://app.mural.co/verify-code?state=eyJsb2dpbiI6dHJ1ZSwid2FzVmlzaXRvckJlZm9yZSI6ZmFsc2UsImlkZW50aXR5UHJvdmlkZXJOYW1lIjoiZ29vZ2xlIiwicmVmZXJlciI6Imh0dHBzOi8vYXBwLm11cmFsLmNvL3NpZ25pbiIsInNzb0ZpcnN0IjpmYWxzZX0%3D&code=4%2F0AdQt8qgr1ZJcjrPpK1hyYF3Px67erWOQU8XjDC_wqTM8EQ8tVaot4fV2AgkH9zHDSGnp2w&scope=email+profile+https%3A%2F%2Fwww.googleapis.com%2Fauth%2Fuserinfo.profile+https%3A%2F%2Fwww.googleapis.com%2Fauth%2Fuserinfo.email+openid&authuser=0&hd=gct.ac.in&prompt=none,MURAL,1,0,2022-09-10 16:22:01,0,2022-09-10 16:22:01,2851,1601-01-01 05:03:10,1,1918L04
102,102,https://app.mural.co/dashboard,MURAL,9,0,2022-10-14 20:41:34,0,2022-09-10 16:22:02,2852,1601-01-01 05:43:25,1,1918L04
103,103,https://app.mural.co/t/kritheebhanb8007,MURAL,4,0,2022-09-10 16:24:46,0,2022-09-10 16:22:03,2853,1601-01-01 05:43:25,1,1918L04
104,104,https://app.mural.co/t/kritheebhanb8007/home,MURAL,2,0,2022-09-10 16:22:03,0,2022-09-10 16:22:03,2854,1601-01-01 05:43:25,1,1918L04
105,105,https://app.mural.co/t/kritheebhanb8007/templates,Templates • MURAL,2,0,2022-09-10 16:22:32,0,2022-09-10 16:22:32,2855,1601-01-01 05:43:25,1,1918L04
106,106,https://app.mural.co/t/kritheebhanb8007/templates,Templates • MURAL,2,0,2022-09-10 16:22:32,0,2022-09-10 16:22:32,2856,1601-01-01 05:43:25,1,1918L04
107,107,https://app.mural.co/me/profile,Account settings • MURAL,1,0,2022-09-10 16:23:56,0,2022-09-10 16:23:56,2857,1601-01-01 05:43:25,1,1918L04
108,108,https://app.mural.co/,MURAL,1,0,2022-09-10 16:24:36,0,2022-09-10 16:24:36,2858,1601-01-01 05:43:25,1,1918L04
109,109,https://app.mural.co/dashboard,MURAL,9,0,2022-10-14 20:41:34,0,2022-09-10 16:24:36,2859,1601-01-01 05:43:25,1,1918L04
110,110,https://app.mural.co/t/kritheebhanb8007,MURAL,4,0,2022-09-10 16:24:46,0,2022-09-10 16:24:36,2860,1601-01-01 05:43:25,1,1918L04
111,111,https://app.mural.co/signin?returnUrl=%2Ft%2Fkritheebhanb8007,Sign in • MURAL,2,0,2022-09-10 16:24:47,0,2022-09-10 16:24:37,2861,1601-01-01 05:43:25,1,1918L04
112,112,https://app.mural.co/t/kritheebhanb8007,MURAL,4,0,2022-09-10 16:24:46,0,2022-09-10 16:24:46,0,1601-01-01 05:43:42,1,1918L04
113,113,https://app.mural.co/signin?returnUrl=%2Ft%2Fkritheebhanb8007,Sign in • MURAL,2,0,2022-09-10 16:24:47,0,2022-09-10 16:24:47,2863,1601-01-01 05:43:25,1,1918L04
114,114,https://app.mural.co/signup,MURAL,4,0,2022-09-10 16:49:40,0,2022-09-10 16:24:48,2847,1601-01-01 05:43:42,1,1918L04
115,115,https://www.mural.co/,MURAL is a collaborative intelligence company | MURAL,8,0,2022-10-14 20:38:42,0,2022-09-10 16:24:49,0,1601-01-01 05:43:42,1,1918L04
116,116,https://app.mural.co/signup,MURAL,4,0,2022-09-10 16:49:40,0,2022-09-10 16:24:52,2866,1601-01-01 05:43:25,1,1918L04
117,117,https://app.mural.co/external-signup,MURAL,1,0,2022-09-10 16:25:01,0,2022-09-10 16:25:01,2866,1601-01-01 05:43:25,1,1918L04
118,118,https://accounts.google.com/o/oauth2/v2/auth?client_id=451562977126-3ab8hvt39dj613p39d8cfqn0eakl1f04.apps.googleusercontent.com&login_hint=goku.1918l03%40gct.ac.in&redirect_uri=https%3A%2F%2Fapp.mural.co%2Fverify-code&response_type=code&scope=profile%20email&state=eyJsb2dpbiI6ZmFsc2UsIndhc1Zpc2l0b3JCZWZvcmUiOmZhbHNlLCJpZGVudGl0eVByb3ZpZGVyTmFtZSI6Imdvb2dsZSIsInJlZmVyZXIiOiJodHRwczovL2FwcC5tdXJhbC5jby9zaWdudXAifQ==,MURAL,1,0,2022-09-10 16:25:04,0,2022-09-10 16:25:04,2868,1601-01-01 05:34:28,1,1918L04
119,119,https://accounts.google.com/o/oauth2/v2/auth?login_hint=goku.1918l03%40gct.ac.in&scope=profile+email&response_type=code&redirect_uri=https%3A%2F%2Fapp.mural.co%2Fverify-code&state=eyJsb2dpbiI6ZmFsc2UsIndhc1Zpc2l0b3JCZWZvcmUiOmZhbHNlLCJpZGVudGl0eVByb3ZpZGVyTmFtZSI6Imdvb2dsZSIsInJlZmVyZXIiOiJodHRwczovL2FwcC5tdXJhbC5jby9zaWdudXAifQ%3D%3D&client_id=451562977126-3ab8hvt39dj613p39d8cfqn0eakl1f04.apps.googleusercontent.com&hd=gct.ac.in&as=S1677911588%3A1662807306734205,MURAL,1,0,2022-09-10 16:25:04,0,2022-09-10 16:25:04,2869,1601-01-01 04:54:13,1,1918L04
120,120,https://app.mural.co/verify-code?state=eyJsb2dpbiI6ZmFsc2UsIndhc1Zpc2l0b3JCZWZvcmUiOmZhbHNlLCJpZGVudGl0eVByb3ZpZGVyTmFtZSI6Imdvb2dsZSIsInJlZmVyZXIiOiJodHRwczovL2FwcC5tdXJhbC5jby9zaWdudXAifQ%3D%3D&code=4%2F0AdQt8qjARx-oVBt0DPZL7zpmF5HQOWNZFqidAYLTUAiAtIPvgXI5HDuqeMd95jpZPcp4Bg&scope=email+profile+https%3A%2F%2Fwww.googleapis.com%2Fauth%2Fuserinfo.email+openid+https%3A%2F%2Fwww.googleapis.com%2Fauth%2Fuserinfo.profile&authuser=0&hd=gct.ac.in&prompt=none,MURAL,1,0,2022-09-10 16:25:04,0,2022-09-10 16:25:04,2870,1601-01-01 05:03:10,1,1918L04
121,121,https://app.mural.co/terms-and-conditions?returnUrl=%2Fdashboard,MURAL - Terms and conditions • MURAL,1,0,2022-09-10 16:25:06,0,2022-09-10 16:25:06,2871,1601-01-01 05:43:25,1,1918L04
122,122,https://app.mural.co/dashboard,MURAL,9,0,2022-10-14 20:41:34,0,2022-09-10 16:25:09,2872,1601-01-01 05:43:25,1,1918L04
123,123,https://app.mural.co/join-workspace,MURAL,5,0,2022-09-10 16:48:57,0,2022-09-10 16:25:10,2872,1601-01-01 05:43:25,1,1918L04
124,124,https://app.mural.co/create-team,Create workspace • MURAL,4,0,2022-09-10 16:48:14,0,2022-09-10 16:25:10,2872,1601-01-01 05:43:25,1,1918L04
125,125,https://app.mural.co/teamrole-selection,MURAL,1,0,2022-09-10 16:25:22,0,2022-09-10 16:25:22,2872,1601-01-01 05:43:25,1,1918L04
126,126,https://app.mural.co/signin?returnUrl=%2Ft%2Fkritheebhanb8007%2Fm%2Fkritheebhanb8007%2F1662750324350,Sign in • MURAL,1,0,2022-09-10 16:32:52,0,2022-09-10 16:32:52,2833,1601-01-01 05:43:25,1,1918L04
127,127,https://app.mural.co/create-team,Create workspace • MURAL,4,0,2022-09-10 16:48:14,0,2022-09-10 16:41:29,2872,1601-01-01 05:43:42,1,1918L04
128,128,https://app.mural.co/join-workspace,MURAL,5,0,2022-09-10 16:48:57,0,2022-09-10 16:41:30,2872,1601-01-01 05:43:42,1,1918L04
129,129,https://app.mural.co/signin?returnUrl=%2Fjoin-workspace,Sign in • MURAL,1,0,2022-09-10 16:41:31,0,2022-09-10 16:41:31,2879,1601-01-01 05:43:25,1,1918L04
130,130,https://www.google.com/search?gs_ssp=eJzj4tDP1TfITTKtMGD04izIzCtJLUotLgEARTEG7A&q=pinterest&rlz=1C1YTUH_enIN998IN998&oq=printer&aqs=chrome.1.69i57j46i10i131i433j0i512j0i457i512j0i512l5j0i271.6402j0j15&sourceid=chrome&ie=UTF-8,pinterest - Google Search,2,0,2022-09-10 16:46:12,0,2022-09-10 16:46:11,0,1601-01-01 05:43:25,1,1918L04
131,131,https://www.google.com/search?gs_ssp=eJzj4tDP1TfITTKtMGD04izIzCtJLUotLgEARTEG7A&q=pinterest&rlz=1C1YTUH_enIN998IN998&oq=printer&aqs=chrome.1.69i57j46i10i131i433j0i512j0i457i512j0i512l5j0i271.6402j0j15&sourceid=chrome&ie=UTF-8,pinterest - Google Search,2,0,2022-09-10 16:46:12,0,2022-09-10 16:46:12,0,1601-01-01 05:43:25,1,1918L04
132,132,https://accounts.google.com/o/oauth2/v2/auth?client_id=451562977126-3ab8hvt39dj613p39d8cfqn0eakl1f04.apps.googleusercontent.com&login_hint=goku.1918l03%40gct.ac.in&redirect_uri=https%3A%2F%2Fapp.mural.co%2Fverify-code&response_type=code&scope=profile+email&state=eyJsb2dpbiI6dHJ1ZSwicmV0dXJuVXJsIjoiL2pvaW4td29ya3NwYWNlIiwid2FzVmlzaXRvckJlZm9yZSI6ZmFsc2UsImlkZW50aXR5UHJvdmlkZXJOYW1lIjoiZ29vZ2xlIiwicmVmZXJlciI6Imh0dHBzOi8vYXBwLm11cmFsLmNvL3NpZ25pbj9yZXR1cm5Vcmw9JTJGam9pbi13b3Jrc3BhY2UiLCJzc29GaXJzdCI6ZmFsc2V9,MURAL,1,0,2022-09-10 16:46:27,0,2022-09-10 16:46:27,2880,1601-01-01 05:34:28,1,1918L04
133,133,https://accounts.google.com/o/oauth2/v2/auth?login_hint=goku.1918l03%40gct.ac.in&scope=profile+email&response_type=code&redirect_uri=https%3A%2F%2Fapp.mural.co%2Fverify-code&state=eyJsb2dpbiI6dHJ1ZSwicmV0dXJuVXJsIjoiL2pvaW4td29ya3NwYWNlIiwid2FzVmlzaXRvckJlZm9yZSI6ZmFsc2UsImlkZW50aXR5UHJvdmlkZXJOYW1lIjoiZ29vZ2xlIiwicmVmZXJlciI6Imh0dHBzOi8vYXBwLm11cmFsLmNvL3NpZ25pbj9yZXR1cm5Vcmw9JTJGam9pbi13b3Jrc3BhY2UiLCJzc29GaXJzdCI6ZmFsc2V9&client_id=451562977126-3ab8hvt39dj613p39d8cfqn0eakl1f04.apps.googleusercontent.com&hd=gct.ac.in&as=S772628810%3A1662808589304264,MURAL,1,0,2022-09-10 16:46:27,0,2022-09-10 16:46:27,2883,1601-01-01 04:54:13,1,1918L04
134,134,https://app.mural.co/verify-code?state=eyJsb2dpbiI6dHJ1ZSwicmV0dXJuVXJsIjoiL2pvaW4td29ya3NwYWNlIiwid2FzVmlzaXRvckJlZm9yZSI6ZmFsc2UsImlkZW50aXR5UHJvdmlkZXJOYW1lIjoiZ29vZ2xlIiwicmVmZXJlciI6Imh0dHBzOi8vYXBwLm11cmFsLmNvL3NpZ25pbj9yZXR1cm5Vcmw9JTJGam9pbi13b3Jrc3BhY2UiLCJzc29GaXJzdCI6ZmFsc2V9&code=4%2F0AdQt8qjupHNuDTaYeDJu8gCb9cV5PItosSk2KaQrOzTCLY5v-9T5tWRuWt6YhgVj4ZRz6A&scope=email+profile+https%3A%2F%2Fwww.googleapis.com%2Fauth%2Fuserinfo.email+openid+https%3A%2F%2Fwww.googleapis.com%2Fauth%2Fuserinfo.profile&authuser=0&hd=gct.ac.in&prompt=none,MURAL,1,0,2022-09-10 16:46:27,0,2022-09-10 16:46:27,2884,1601-01-01 05:03:10,1,1918L04
135,135,https://app.mural.co/join-workspace,MURAL,5,0,2022-09-10 16:48:57,0,2022-09-10 16:46:28,2885,1601-01-01 05:43:25,1,1918L04
136,136,https://app.mural.co/create-team,Create workspace • MURAL,4,0,2022-09-10 16:48:14,0,2022-09-10 16:46:30,2886,1601-01-01 05:43:25,1,1918L04
137,137,https://app.mural.co/join-workspace,MURAL,5,0,2022-09-10 16:48:57,0,2022-09-10 16:48:12,2878,1601-01-01 05:43:42,1,1918L04
138,138,https://app.mural.co/create-team,Create workspace • MURAL,4,0,2022-09-10 16:48:14,0,2022-09-10 16:48:14,2888,1601-01-01 05:43:25,1,1918L04
139,139,https://app.mural.co/join-workspace,MURAL,5,0,2022-09-10 16:48:57,0,2022-09-10 16:48:57,2878,1601-01-01 05:43:42,1,1918L04
140,140,https://www.google.com/search?q=mural+login&rlz=1C1YTUH_enIN998IN998&oq=&aqs=chrome.1.69i59i450l8.187562233j0j15&sourceid=chrome&ie=UTF-8,mural login - Google Search,2,0,2022-09-10 16:49:26,0,2022-09-10 16:49:25,0,1601-01-01 05:43:25,1,1918L04
141,141,https://www.google.com/search?q=mural+login&rlz=1C1YTUH_enIN998IN998&oq=&aqs=chrome.1.69i59i450l8.187562233j0j15&sourceid=chrome&ie=UTF-8,mural login - Google Search,2,0,2022-09-10 16:49:26,0,2022-09-10 16:49:26,0,1601-01-01 05:43:25,1,1918L04
142,142,https://www.mural.co/,MURAL is a collaborative intelligence company | MURAL,8,0,2022-10-14 20:38:42,0,2022-09-10 16:49:33,2892,1601-01-01 05:43:25,1,1918L04
143,143,https://app.mural.co/signup,MURAL,4,0,2022-09-10 16:49:40,0,2022-09-10 16:49:40,2893,1601-01-01 05:43:25,1,1918L04
144,144,https://app.mural.co/dashboard,MURAL,9,0,2022-10-14 20:41:34,0,2022-09-10 16:49:42,2893,1601-01-01 05:43:25,1,1918L04
145,145,https://app.mural.co/t/gokul5088,MURAL,1,0,2022-09-10 16:49:42,0,2022-09-10 16:49:42,2893,1601-01-01 05:43:25,1,1918L04
146,146,https://app.mural.co/t/gokul5088/home,MURAL,1,0,2022-09-10 16:49:43,0,2022-09-10 16:49:43,2893,1601-01-01 05:43:25,1,1918L04
147,147,https://app.mural.co/t/gokul5088/templates,Templates • MURAL,2,0,2022-09-10 16:49:52,0,2022-09-10 16:49:52,2893,1601-01-01 05:43:25,1,1918L04
148,148,https://app.mural.co/t/gokul5088/templates,Templates • MURAL,2,0,2022-09-10 16:49:52,0,2022-09-10 16:49:52,2893,1601-01-01 05:43:25,1,1918L04
149,149,https://mail.google.com/mail/u/0/#inbox,Gmail,13,0,2022-10-14 14:34:22,0,2022-09-10 17:01:46,0,1601-01-01 05:43:25,1,1918L04
150,150,https://mail.google.com/mail/u/0/#inbox,Gmail,13,0,2022-10-14 14:34:22,0,2022-09-10 17:01:49,0,1601-01-01 05:43:25,1,1918L04
151,151,https://mail.google.com/mail/u/0/#inbox/FMfcgzGqQSNrCrgPCVhhhdksgmVtnlrL,Let's collaborate on Data Analytics - goku.1918l03@gct.ac.in - Govt. College of Technology Mail,2,0,2022-09-10 20:04:44,0,2022-09-10 17:01:51,0,1601-01-01 05:43:25,1,1918L04
152,152,https://www.google.com/url?q=https://mandrillapp.com/track/click/30925944/app.mural.co?p%3DeyJzIjoibW04dVdhRm9Cc1R1QnNTbXZTUGtHd2xFWXQ0IiwidiI6MSwicCI6IntcInVcIjozMDkyNTk0NCxcInZcIjoxLFwidXJsXCI6XCJodHRwczpcXFwvXFxcL2FwcC5tdXJhbC5jb1xcXC9zaWduaW4tam9pbi13b3Jrc3BhY2U_cmV0dXJuVXJsPVxcXC90XFxcL2RhdGFhbmFseXRpY3MwMTUyXCIsXCJpZFwiOlwiMjI3M2Y3YmZjMjU2NDZjZDlmYzdmZDZlNzI5OTFiYWFcIixcInVybF9pZHNcIjpbXCIwY2Q3MGNmODhkMzdkMWVjNTU2MGEyNjdhMGFjYTM0ZDEwZDA0NTRmXCJdfSJ9&source=gmail&ust=1662895911135000&usg=AOvVaw3R2Fhru7OGt-R5bAR4bsQ9,MURAL,1,0,2022-09-10 17:01:58,0,2022-09-10 17:01:58,0,1601-01-01 05:34:28,1,1918L04
153,153,https://mandrillapp.com/track/click/30925944/app.mural.co?p=eyJzIjoibW04dVdhRm9Cc1R1QnNTbXZTUGtHd2xFWXQ0IiwidiI6MSwicCI6IntcInVcIjozMDkyNTk0NCxcInZcIjoxLFwidXJsXCI6XCJodHRwczpcXFwvXFxcL2FwcC5tdXJhbC5jb1xcXC9zaWduaW4tam9pbi13b3Jrc3BhY2U_cmV0dXJuVXJsPVxcXC90XFxcL2RhdGFhbmFseXRpY3MwMTUyXCIsXCJpZFwiOlwiMjI3M2Y3YmZjMjU2NDZjZDlmYzdmZDZlNzI5OTFiYWFcIixcInVybF9pZHNcIjpbXCIwY2Q3MGNmODhkMzdkMWVjNTU2MGEyNjdhMGFjYTM0ZDEwZDA0NTRmXCJdfSJ9,MURAL,2,0,2022-09-10 20:04:51,0,2022-09-10 17:01:58,2903,1601-01-01 04:54:13,1,1918L04
154,154,https://app.mural.co/signin-join-workspace?returnUrl=/t/dataanalytics0152,MURAL,2,0,2022-09-10 20:04:51,0,2022-09-10 17:01:58,2904,1601-01-01 05:03:10,1,1918L04
155,155,https://app.mural.co/t/dataanalytics0152,MURAL,6,0,2022-10-14 20:41:46,0,2022-09-10 17:01:59,0,1601-01-01 05:43:25,1,1918L04
156,156,https://app.mural.co/t/dataanalytics0152/home,MURAL,10,0,2022-10-14 20:42:59,0,2022-09-10 17:02:00,0,1601-01-01 05:43:25,1,1918L04
157,157,https://app.mural.co/t/dataanalytics0152/m/dataanalytics0152/1662809553910/d7a3611bdd3bc0fe391575ec39d2465c2ce8c7f6,MURAL,6,0,2022-09-25 10:19:18,0,2022-09-10 17:02:31,0,1601-01-01 05:43:25,1,1918L04
158,158,https://app.mural.co/t/dataanalytics0152/m/dataanalytics0152/1662809553910/d7a3611bdd3bc0fe391575ec39d2465c2ce8c7f6,MURAL,6,0,2022-09-25 10:19:18,0,2022-09-10 17:02:32,0,1601-01-01 05:43:25,1,1918L04
159,159,https://app.mural.co/t/dataanalytics0152/m/dataanalytics0152/1662809553910/d7a3611bdd3bc0fe391575ec39d2465c2ce8c7f6?sender=ua43a58dc6ae7781b93628461,Untitled mural • Data Analytics,2,0,2022-09-25 10:17:50,0,2022-09-10 17:02:32,0,1601-01-01 05:43:25,1,1918L04
160,160,https://app.mural.co/t/dataanalytics0152/m/dataanalytics0152/1662809553910/d7a3611bdd3bc0fe391575ec39d2465c2ce8c7f6,MURAL,6,0,2022-09-25 10:19:18,0,2022-09-10 17:02:41,0,1601-01-01 05:43:42,1,1918L04
161,161,https://app.mural.co/t/dataanalytics0152/home,MURAL,10,0,2022-10-14 20:42:59,0,2022-09-10 17:02:45,0,1601-01-01 05:43:42,1,1918L04
162,162,https://app.mural.co/t/dataanalytics0152/templates,Templates • MURAL,8,0,2022-10-14 20:43:11,0,2022-09-10 17:03:01,0,1601-01-01 05:43:25,1,1918L04
163,163,https://app.mural.co/t/dataanalytics0152/templates,Templates • MURAL,8,0,2022-10-14 20:43:11,0,2022-09-10 17:03:01,0,1601-01-01 05:43:25,1,1918L04
164,164,https://app.mural.co/t/dataanalytics0152/m/dataanalytics0152/1662809609511/34dbaef656bf454f2c9376aded347a115e17669e,MURAL,7,0,2022-09-10 20:09:27,0,2022-09-10 17:03:26,0,1601-01-01 05:43:25,1,1918L04
165,165,https://app.mural.co/t/dataanalytics0152/m/dataanalytics0152/1662809609511/34dbaef656bf454f2c9376aded347a115e17669e,MURAL,7,0,2022-09-10 20:09:27,0,2022-09-10 17:03:27,0,1601-01-01 05:43:25,1,1918L04
166,166,https://app.mural.co/t/dataanalytics0152/m/dataanalytics0152/1662809609511/34dbaef656bf454f2c9376aded347a115e17669e?sender=ua43a58dc6ae7781b93628461,Untitled mural • Data Analytics,56,0,2022-09-10 20:42:13,0,2022-09-10 17:03:27,0,1601-01-01 05:43:25,1,1918L04
167,167,https://murally.blob.core.windows.net/uploads/dataanalytics0152/0-1662809647808.png?se=2022-09-10T11%3A46%3A00Z&sp=r&sv=2018-03-28&sr=b&rscc=public%2C%20max-age%3D600&sig=z%2FBPKoarcmoGTIEtASjcIrgbp0Hc%2FNW6OiUtYhIcCEI%3D,0-1662809647808.png (1202×900),1,0,2022-09-10 17:04:17,0,2022-09-10 17:04:17,0,1601-01-01 05:43:25,1,1918L04
168,168,https://app.mural.co/t/dataanalytics0152/m/dataanalytics0152/1662809609511/34dbaef656bf454f2c9376aded347a115e17669e?sender=ua43a58dc6ae7781b93628461,Untitled mural • Data Analytics,56,0,2022-09-10 20:42:13,0,2022-09-10 17:11:43,2917,1601-01-01 05:47:53,1,1918L04
169,169,https://app.mural.co/t/dataanalytics0152/m/dataanalytics0152/1662809609511/34dbaef656bf454f2c9376aded347a115e17669e?sender=ua43a58dc6ae7781b93628461,Untitled mural • Data Analytics,56,0,2022-09-10 20:42:13,0,2022-09-10 17:11:52,2919,1601-01-01 05:56:50,1,1918L04
170,170,https://app.mural.co/t/dataanalytics0152/m/dataanalytics0152/1662809609511/34dbaef656bf454f2c9376aded347a115e17669e?sender=ua43a58dc6ae7781b93628461,Untitled mural • Data Analytics,56,0,2022-09-10 20:42:13,0,2022-09-10 17:13:08,2920,1601-01-01 05:47:53,1,1918L04
171,171,https://app.mural.co/t/dataanalytics0152/m/dataanalytics0152/1662809609511/34dbaef656bf454f2c9376aded347a115e17669e?sender=ua43a58dc6ae7781b93628461,Untitled mural • Data Analytics,56,0,2022-09-10 20:42:13,0,2022-09-10 17:13:12,2921,1601-01-01 05:56:50,1,1918L04
172,172,https://app.mural.co/t/dataanalytics0152/m/dataanalytics0152/1662809609511/34dbaef656bf454f2c9376aded347a115e17669e?sender=ua43a58dc6ae7781b93628461,Untitled mural • Data Analytics,56,0,2022-09-10 20:42:13,0,2022-09-10 17:14:03,2922,1601-01-01 05:47:53,1,1918L04
173,173,https://app.mural.co/t/dataanalytics0152/m/dataanalytics0152/1662809609511/34dbaef656bf454f2c9376aded347a115e17669e?sender=ua43a58dc6ae7781b93628461,Untitled mural • Data Analytics,56,0,2022-09-10 20:42:13,0,2022-09-10 17:14:09,2923,1601-01-01 05:56:50,1,1918L04
174,174,https://app.mural.co/t/dataanalytics0152/m/dataanalytics0152/1662809609511/34dbaef656bf454f2c9376aded347a115e17669e?sender=ua43a58dc6ae7781b93628461,Untitled mural • Data Analytics,56,0,2022-09-10 20:42:13,0,2022-09-10 17:18:27,2924,1601-01-01 05:47:53,1,1918L04
175,175,https://app.mural.co/t/dataanalytics0152/m/dataanalytics0152/1662809609511/34dbaef656bf454f2c9376aded347a115e17669e?sender=ua43a58dc6ae7781b93628461,Untitled mural • Data Analytics,56,0,2022-09-10 20:42:13,0,2022-09-10 17:18:47,2925,1601-01-01 05:56:50,1,1918L04
176,176,https://app.mural.co/t/dataanalytics0152/m/dataanalytics0152/1662809609511/34dbaef656bf454f2c9376aded347a115e17669e?sender=ua43a58dc6ae7781b93628461,Untitled mural • Data Analytics,56,0,2022-09-10 20:42:13,0,2022-09-10 17:22:37,2926,1601-01-01 05:47:53,1,1918L04
177,177,https://app.mural.co/t/dataanalytics0152/m/dataanalytics0152/1662809609511/34dbaef656bf454f2c9376aded347a115e17669e?sender=ua43a58dc6ae7781b93628461,Untitled mural • Data Analytics,56,0,2022-09-10 20:42:13,0,2022-09-10 17:22:40,2927,1601-01-01 05:56:50,1,1918L04
178,178,https://app.mural.co/t/dataanalytics0152/m/dataanalytics0152/1662809609511/34dbaef656bf454f2c9376aded347a115e17669e?sender=ua43a58dc6ae7781b93628461,Untitled mural • Data Analytics,56,0,2022-09-10 20:42:13,0,2022-09-10 17:25:57,2928,1601-01-01 05:47:53,1,1918L04
179,179,https://app.mural.co/t/dataanalytics0152/m/dataanalytics0152/1662809609511/34dbaef656bf454f2c9376aded347a115e17669e?sender=ua43a58dc6ae7781b93628461,Untitled mural • Data Analytics,56,0,2022-09-10 20:42:13,0,2022-09-10 17:26:00,2929,1601-01-01 05:56:50,1,1918L04
180,180,https://app.mural.co/t/dataanalytics0152/m/dataanalytics0152/1662809609511/34dbaef656bf454f2c9376aded347a115e17669e?sender=ua43a58dc6ae7781b93628461,Untitled mural • Data Analytics,56,0,2022-09-10 20:42:13,0,2022-09-10 17:27:12,2930,1601-01-01 05:47:53,1,1918L04
181,181,https://app.mural.co/t/dataanalytics0152/m/dataanalytics0152/1662809609511/34dbaef656bf454f2c9376aded347a115e17669e?sender=ua43a58dc6ae7781b93628461,Untitled mural • Data Analytics,56,0,2022-09-10 20:42:13,0,2022-09-10 17:27:16,2931,1601-01-01 05:56:50,1,1918L04
182,182,https://app.mural.co/t/dataanalytics0152/m/dataanalytics0152/1662809609511/34dbaef656bf454f2c9376aded347a115e17669e?sender=ua43a58dc6ae7781b93628461,Untitled mural • Data Analytics,56,0,2022-09-10 20:42:13,0,2022-09-10 17:28:01,2932,1601-01-01 05:47:53,1,1918L04
183,183,https://app.mural.co/t/dataanalytics0152/m/dataanalytics0152/1662809609511/34dbaef656bf454f2c9376aded347a115e17669e?sender=ua43a58dc6ae7781b93628461,Untitled mural • Data Analytics,56,0,2022-09-10 20:42:13,0,2022-09-10 17:28:04,2933,1601-01-01 05:56:50,1,1918L04
184,184,https://app.mural.co/t/dataanalytics0152/m/dataanalytics0152/1662809609511/34dbaef656bf454f2c9376aded347a115e17669e?sender=ua43a58dc6ae7781b93628461,Untitled mural • Data Analytics,56,0,2022-09-10 20:42:13,0,2022-09-10 17:28:23,2934,1601-01-01 05:47:53,1,1918L04
185,185,https://app.mural.co/t/dataanalytics0152/m/dataanalytics0152/1662809609511/34dbaef656bf454f2c9376aded347a115e17669e?sender=ua43a58dc6ae7781b93628461,Untitled mural • Data Analytics,56,0,2022-09-10 20:42:13,0,2022-09-10 17:28:26,2935,1601-01-01 05:56:50,1,1918L04
186,186,https://app.mural.co/t/dataanalytics0152/m/dataanalytics0152/1662809609511/34dbaef656bf454f2c9376aded347a115e17669e?sender=ua43a58dc6ae7781b93628461,Untitled mural • Data Analytics,56,0,2022-09-10 20:42:13,0,2022-09-10 17:28:37,2936,1601-01-01 05:47:53,1,1918L04
187,187,https://app.mural.co/t/dataanalytics0152/m/dataanalytics0152/1662809609511/34dbaef656bf454f2c9376aded347a115e17669e?sender=ua43a58dc6ae7781b93628461,Untitled mural • Data Analytics,56,0,2022-09-10 20:42:13,0,2022-09-10 17:28:40,2937,1601-01-01 05:56:50,1,1918L04
188,188,https://app.mural.co/t/dataanalytics0152/m/dataanalytics0152/1662809609511/34dbaef656bf454f2c9376aded347a115e17669e?sender=ua43a58dc6ae7781b93628461,Untitled mural • Data Analytics,56,0,2022-09-10 20:42:13,0,2022-09-10 17:28:52,2938,1601-01-01 05:47:53,1,1918L04
189,189,https://app.mural.co/t/dataanalytics0152/m/dataanalytics0152/1662809609511/34dbaef656bf454f2c9376aded347a115e17669e?sender=ua43a58dc6ae7781b93628461,Untitled mural • Data Analytics,56,0,2022-09-10 20:42:13,0,2022-09-10 17:28:55,2939,1601-01-01 05:56:50,1,1918L04
190,190,https://app.mural.co/t/dataanalytics0152/m/dataanalytics0152/1662809609511/34dbaef656bf454f2c9376aded347a115e17669e?sender=ua43a58dc6ae7781b93628461,Untitled mural • Data Analytics,56,0,2022-09-10 20:42:13,0,2022-09-10 17:28:56,2940,1601-01-01 05:43:25,1,1918L04
191,191,https://app.mural.co/t/dataanalytics0152/m/dataanalytics0152/1662809609511/34dbaef656bf454f2c9376aded347a115e17669e?sender=ua43a58dc6ae7781b93628461,Untitled mural • Data Analytics,56,0,2022-09-10 20:42:13,0,2022-09-10 17:28:57,2941,1601-01-01 05:43:25,1,1918L04
192,192,https://app.mural.co/t/dataanalytics0152/m/dataanalytics0152/1662809609511/34dbaef656bf454f2c9376aded347a115e17669e?sender=ua43a58dc6ae7781b93628461,Untitled mural • Data Analytics,56,0,2022-09-10 20:42:13,0,2022-09-10 17:29:00,2942,1601-01-01 05:43:25,1,1918L04
193,193,https://app.mural.co/t/dataanalytics0152/m/dataanalytics0152/1662809609511/34dbaef656bf454f2c9376aded347a115e17669e?sender=ua43a58dc6ae7781b93628461,Untitled mural • Data Analytics,56,0,2022-09-10 20:42:13,0,2022-09-10 17:29:41,2943,1601-01-01 05:47:53,1,1918L04
194,194,https://app.mural.co/t/dataanalytics0152/m/dataanalytics0152/1662809609511/34dbaef656bf454f2c9376aded347a115e17669e?sender=ua43a58dc6ae7781b93628461,Untitled mural • Data Analytics,56,0,2022-09-10 20:42:13,0,2022-09-10 17:29:44,2944,1601-01-01 05:56:50,1,1918L04
195,195,https://app.mural.co/t/dataanalytics0152/m/dataanalytics0152/1662809609511/34dbaef656bf454f2c9376aded347a115e17669e?sender=ua43a58dc6ae7781b93628461,Untitled mural • Data Analytics,56,0,2022-09-10 20:42:13,0,2022-09-10 17:37:39,2945,1601-01-01 05:47:53,1,1918L04
196,196,https://app.mural.co/t/dataanalytics0152/m/dataanalytics0152/1662809609511/34dbaef656bf454f2c9376aded347a115e17669e?sender=ua43a58dc6ae7781b93628461,Untitled mural • Data Analytics,56,0,2022-09-10 20:42:13,0,2022-09-10 17:37:42,2946,1601-01-01 05:56:50,1,1918L04
197,197,https://app.mural.co/t/dataanalytics0152/m/dataanalytics0152/1662809609511/34dbaef656bf454f2c9376aded347a115e17669e?sender=ua43a58dc6ae7781b93628461,Untitled mural • Data Analytics,56,0,2022-09-10 20:42:13,0,2022-09-10 17:38:05,2947,1601-01-01 05:47:53,1,1918L04
198,198,https://app.mural.co/t/dataanalytics0152/m/dataanalytics0152/1662809609511/34dbaef656bf454f2c9376aded347a115e17669e?sender=ua43a58dc6ae7781b93628461,Untitled mural • Data Analytics,56,0,2022-09-10 20:42:13,0,2022-09-10 17:38:07,2948,1601-01-01 05:56:50,1,1918L04
199,199,https://app.mural.co/t/dataanalytics0152/m/dataanalytics0152/1662809609511/34dbaef656bf454f2c9376aded347a115e17669e?sender=ua43a58dc6ae7781b93628461,Untitled mural • Data Analytics,56,0,2022-09-10 20:42:13,0,2022-09-10 17:41:49,2949,1601-01-01 05:47:53,1,1918L04
200,200,https://app.mural.co/t/dataanalytics0152/m/dataanalytics0152/1662809609511/34dbaef656bf454f2c9376aded347a115e17669e?sender=ua43a58dc6ae7781b93628461,Untitled mural • Data Analytics,56,0,2022-09-10 20:42:13,0,2022-09-10 17:41:52,2950,1601-01-01 05:56:50,1,1918L04
201,201,https://app.mural.co/t/dataanalytics0152/m/dataanalytics0152/1662809609511/34dbaef656bf454f2c9376aded347a115e17669e?sender=ua43a58dc6ae7781b93628461,Untitled mural • Data Analytics,56,0,2022-09-10 20:42:13,0,2022-09-10 17:42:15,2951,1601-01-01 05:47:53,1,1918L04
202,202,https://app.mural.co/t/dataanalytics0152/m/dataanalytics0152/1662809609511/34dbaef656bf454f2c9376aded347a115e17669e?sender=ua43a58dc6ae7781b93628461,Untitled mural • Data Analytics,56,0,2022-09-10 20:42:13,0,2022-09-10 17:42:17,2952,1601-01-01 05:56:50,1,1918L04
203,203,https://app.mural.co/t/dataanalytics0152/m/dataanalytics0152/1662809609511/34dbaef656bf454f2c9376aded347a115e17669e?sender=ua43a58dc6ae7781b93628461,Untitled mural • Data Analytics,56,0,2022-09-10 20:42:13,0,2022-09-10 17:53:27,2953,1601-01-01 05:47:53,1,1918L04
204,204,https://app.mural.co/t/dataanalytics0152/m/dataanalytics0152/1662809609511/34dbaef656bf454f2c9376aded347a115e17669e?sender=ua43a58dc6ae7781b93628461,Untitled mural • Data Analytics,56,0,2022-09-10 20:42:13,0,2022-09-10 17:53:31,2954,1601-01-01 05:56:50,1,1918L04
205,205,https://mail.google.com/mail/u/0/#inbox,Gmail,13,0,2022-10-14 14:34:22,0,2022-09-10 20:04:38,0,1601-01-01 05:43:25,1,1918L04
206,206,https://mail.google.com/mail/u/0/#inbox,Gmail,13,0,2022-10-14 14:34:22,0,2022-09-10 20:04:41,0,1601-01-01 05:43:25,1,1918L04
207,207,https://mail.google.com/mail/u/0/#inbox/FMfcgzGqQSNrCrgPCVhhhdksgmVtnlrL,Let's collaborate on Data Analytics - goku.1918l03@gct.ac.in - Govt. College of Technology Mail,2,0,2022-09-10 20:04:44,0,2022-09-10 20:04:44,0,1601-01-01 05:43:25,1,1918L04
208,208,https://www.google.com/url?q=https://mandrillapp.com/track/click/30925944/app.mural.co?p%3DeyJzIjoibW04dVdhRm9Cc1R1QnNTbXZTUGtHd2xFWXQ0IiwidiI6MSwicCI6IntcInVcIjozMDkyNTk0NCxcInZcIjoxLFwidXJsXCI6XCJodHRwczpcXFwvXFxcL2FwcC5tdXJhbC5jb1xcXC9zaWduaW4tam9pbi13b3Jrc3BhY2U_cmV0dXJuVXJsPVxcXC90XFxcL2RhdGFhbmFseXRpY3MwMTUyXCIsXCJpZFwiOlwiMjI3M2Y3YmZjMjU2NDZjZDlmYzdmZDZlNzI5OTFiYWFcIixcInVybF9pZHNcIjpbXCIwY2Q3MGNmODhkMzdkMWVjNTU2MGEyNjdhMGFjYTM0ZDEwZDA0NTRmXCJdfSJ9&source=gmail&ust=1662906883386000&usg=AOvVaw12TJBxDLeOxB2yvqKtzCDS,MURAL,1,0,2022-09-10 20:04:51,0,2022-09-10 20:04:51,0,1601-01-01 05:34:28,1,1918L04
209,209,https://mandrillapp.com/track/click/30925944/app.mural.co?p=eyJzIjoibW04dVdhRm9Cc1R1QnNTbXZTUGtHd2xFWXQ0IiwidiI6MSwicCI6IntcInVcIjozMDkyNTk0NCxcInZcIjoxLFwidXJsXCI6XCJodHRwczpcXFwvXFxcL2FwcC5tdXJhbC5jb1xcXC9zaWduaW4tam9pbi13b3Jrc3BhY2U_cmV0dXJuVXJsPVxcXC90XFxcL2RhdGFhbmFseXRpY3MwMTUyXCIsXCJpZFwiOlwiMjI3M2Y3YmZjMjU2NDZjZDlmYzdmZDZlNzI5OTFiYWFcIixcInVybF9pZHNcIjpbXCIwY2Q3MGNmODhkMzdkMWVjNTU2MGEyNjdhMGFjYTM0ZDEwZDA0NTRmXCJdfSJ9,MURAL,2,0,2022-09-10 20:04:51,0,2022-09-10 20:04:51,2959,1601-01-01 04:54:13,1,1918L04
210,210,https://app.mural.co/signin-join-workspace?returnUrl=/t/dataanalytics0152,MURAL,2,0,2022-09-10 20:04:51,0,2022-09-10 20:04:51,2960,1601-01-01 05:03:10,1,1918L04
211,211,https://app.mural.co/t/dataanalytics0152,MURAL,6,0,2022-10-14 20:41:46,0,2022-09-10 20:04:52,0,1601-01-01 05:43:25,1,1918L04
212,212,https://app.mural.co/t/dataanalytics0152/home,MURAL,10,0,2022-10-14 20:42:59,0,2022-09-10 20:04:54,0,1601-01-01 05:43:25,1,1918L04
213,213,https://app.mural.co/t/dataanalytics0152/m/dataanalytics0152/1662809609511/34dbaef656bf454f2c9376aded347a115e17669e,MURAL,7,0,2022-09-10 20:09:27,0,2022-09-10 20:05:00,0,1601-01-01 05:43:25,1,1918L04
214,214,https://app.mural.co/t/dataanalytics0152/m/dataanalytics0152/1662809609511/34dbaef656bf454f2c9376aded347a115e17669e,MURAL,7,0,2022-09-10 20:09:27,0,2022-09-10 20:05:01,0,1601-01-01 05:43:25,1,1918L04
215,215,https://app.mural.co/t/dataanalytics0152/m/dataanalytics0152/1662809609511/34dbaef656bf454f2c9376aded347a115e17669e?sender=ua43a58dc6ae7781b93628461,Untitled mural • Data Analytics,56,0,2022-09-10 20:42:13,0,2022-09-10 20:05:03,0,1601-01-01 05:43:25,1,1918L04
216,216,https://app.mural.co/t/dataanalytics0152/m/dataanalytics0152/1662809609511/34dbaef656bf454f2c9376aded347a115e17669e,MURAL,7,0,2022-09-10 20:09:27,0,2022-09-10 20:06:43,0,1601-01-01 05:43:42,1,1918L04
217,217,https://app.mural.co/t/dataanalytics0152/home,MURAL,10,0,2022-10-14 20:42:59,0,2022-09-10 20:06:54,0,1601-01-01 05:43:42,1,1918L04
218,218,https://app.mural.co/t/dataanalytics0152/m/dataanalytics0152/1662809609511/34dbaef656bf454f2c9376aded347a115e17669e,MURAL,7,0,2022-09-10 20:09:27,0,2022-09-10 20:09:25,0,1601-01-01 05:43:25,1,1918L04
219,219,https://app.mural.co/t/dataanalytics0152/m/dataanalytics0152/1662809609511/34dbaef656bf454f2c9376aded347a115e17669e,MURAL,7,0,2022-09-10 20:09:27,0,2022-09-10 20:09:27,0,1601-01-01 05:43:25,1,1918L04
220,220,https://app.mural.co/t/dataanalytics0152/m/dataanalytics0152/1662809609511/34dbaef656bf454f2c9376aded347a115e17669e?sender=ua43a58dc6ae7781b93628461,Untitled mural • Data Analytics,56,0,2022-09-10 20:42:13,0,2022-09-10 20:09:27,0,1601-01-01 05:43:25,1,1918L04
221,221,https://app.mural.co/t/dataanalytics0152/m/dataanalytics0152/1662809609511/34dbaef656bf454f2c9376aded347a115e17669e?sender=ua43a58dc6ae7781b93628461,Untitled mural • Data Analytics,56,0,2022-09-10 20:42:13,0,2022-09-10 20:10:06,2971,1601-01-01 05:47:53,1,1918L04
222,222,https://app.mural.co/t/dataanalytics0152/m/dataanalytics0152/1662809609511/34dbaef656bf454f2c9376aded347a115e17669e?sender=ua43a58dc6ae7781b93628461,Untitled mural • Data Analytics,56,0,2022-09-10 20:42:13,0,2022-09-10 20:10:09,2972,1601-01-01 05:56:50,1,1918L04
223,223,https://app.mural.co/t/dataanalytics0152/m/dataanalytics0152/1662809609511/34dbaef656bf454f2c9376aded347a115e17669e?sender=ua43a58dc6ae7781b93628461,Untitled mural • Data Analytics,56,0,2022-09-10 20:42:13,0,2022-09-10 20:17:46,2973,1601-01-01 05:47:53,1,1918L04
224,224,https://app.mural.co/t/dataanalytics0152/m/dataanalytics0152/1662809609511/34dbaef656bf454f2c9376aded347a115e17669e?sender=ua43a58dc6ae7781b93628461,Untitled mural • Data Analytics,56,0,2022-09-10 20:42:13,0,2022-09-10 20:17:49,2974,1601-01-01 05:56:50,1,1918L04
225,225,https://app.mural.co/t/dataanalytics0152/m/dataanalytics0152/1662809609511/34dbaef656bf454f2c9376aded347a115e17669e?sender=ua43a58dc6ae7781b93628461,Untitled mural • Data Analytics,56,0,2022-09-10 20:42:13,0,2022-09-10 20:22:05,2975,1601-01-01 05:47:53,1,1918L04
226,226,https://app.mural.co/t/dataanalytics0152/m/dataanalytics0152/1662809609511/34dbaef656bf454f2c9376aded347a115e17669e?sender=ua43a58dc6ae7781b93628461,Untitled mural • Data Analytics,56,0,2022-09-10 20:42:13,0,2022-09-10 20:22:08,2976,1601-01-01 05:56:50,1,1918L04
227,227,https://app.mural.co/t/dataanalytics0152/m/dataanalytics0152/1662809609511/34dbaef656bf454f2c9376aded347a115e17669e?sender=ua43a58dc6ae7781b93628461,Untitled mural • Data Analytics,56,0,2022-09-10 20:42:13,0,2022-09-10 20:22:25,2977,1601-01-01 05:47:53,1,1918L04
228,228,https://app.mural.co/t/dataanalytics0152/m/dataanalytics0152/1662809609511/34dbaef656bf454f2c9376aded347a115e17669e?sender=ua43a58dc6ae7781b93628461,Untitled mural • Data Analytics,56,0,2022-09-10 20:42:13,0,2022-09-10 20:22:28,2978,1601-01-01 05:56:50,1,1918L04
229,229,https://app.mural.co/t/dataanalytics0152/m/dataanalytics0152/1662809609511/34dbaef656bf454f2c9376aded347a115e17669e?sender=ua43a58dc6ae7781b93628461,Untitled mural • Data Analytics,56,0,2022-09-10 20:42:13,0,2022-09-10 20:24:26,2979,1601-01-01 05:47:53,1,1918L04
230,230,https://app.mural.co/t/dataanalytics0152/m/dataanalytics0152/1662809609511/34dbaef656bf454f2c9376aded347a115e17669e?sender=ua43a58dc6ae7781b93628461,Untitled mural • Data Analytics,56,0,2022-09-10 20:42:13,0,2022-09-10 20:24:29,2980,1601-01-01 05:56:50,1,1918L04
231,231,https://app.mural.co/t/dataanalytics0152/m/dataanalytics0152/1662809609511/34dbaef656bf454f2c9376aded347a115e17669e?sender=ua43a58dc6ae7781b93628461,Untitled mural • Data Analytics,56,0,2022-09-10 20:42:13,0,2022-09-10 20:24:41,2981,1601-01-01 05:47:53,1,1918L04
232,232,https://app.mural.co/t/dataanalytics0152/m/dataanalytics0152/1662809609511/34dbaef656bf454f2c9376aded347a115e17669e?sender=ua43a58dc6ae7781b93628461,Untitled mural • Data Analytics,56,0,2022-09-10 20:42:13,0,2022-09-10 20:24:44,2982,1601-01-01 05:56:50,1,1918L04
233,233,https://app.mural.co/t/dataanalytics0152/m/dataanalytics0152/1662809609511/34dbaef656bf454f2c9376aded347a115e17669e?sender=ua43a58dc6ae7781b93628461,Untitled mural • Data Analytics,56,0,2022-09-10 20:42:13,0,2022-09-10 20:27:36,2983,1601-01-01 05:47:53,1,1918L04
234,234,https://app.mural.co/t/dataanalytics0152/m/dataanalytics0152/1662809609511/34dbaef656bf454f2c9376aded347a115e17669e?sender=ua43a58dc6ae7781b93628461,Untitled mural • Data Analytics,56,0,2022-09-10 20:42:13,0,2022-09-10 20:27:39,2984,1601-01-01 05:56:50,1,1918L04
235,235,https://app.mural.co/t/dataanalytics0152/m/dataanalytics0152/1662809609511/34dbaef656bf454f2c9376aded347a115e17669e?sender=ua43a58dc6ae7781b93628461,Untitled mural • Data Analytics,56,0,2022-09-10 20:42:13,0,2022-09-10 20:32:36,2985,1601-01-01 05:47:53,1,1918L04
236,236,https://app.mural.co/t/dataanalytics0152/m/dataanalytics0152/1662809609511/34dbaef656bf454f2c9376aded347a115e17669e?sender=ua43a58dc6ae7781b93628461,Untitled mural • Data Analytics,56,0,2022-09-10 20:42:13,0,2022-09-10 20:32:39,2986,1601-01-01 05:56:50,1,1918L04
237,237,https://app.mural.co/t/dataanalytics0152/m/dataanalytics0152/1662809609511/34dbaef656bf454f2c9376aded347a115e17669e?sender=ua43a58dc6ae7781b93628461,Untitled mural • Data Analytics,56,0,2022-09-10 20:42:13,0,2022-09-10 20:42:09,2987,1601-01-01 05:47:53,1,1918L04
238,238,https://app.mural.co/t/dataanalytics0152/m/dataanalytics0152/1662809609511/34dbaef656bf454f2c9376aded347a115e17669e?sender=ua43a58dc6ae7781b93628461,Untitled mural • Data Analytics,56,0,2022-09-10 20:42:13,0,2022-09-10 20:42:13,2988,1601-01-01 05:56:50,1,1918L04
239,239,https://www.google.com/search?q=mural+login&rlz=1C1YTUH_enIN998IN998&oq=&aqs=chrome.0.69i59i450l8.201634385j0j15&sourceid=chrome&ie=UTF-8,mural login - Google Search,2,0,2022-09-10 20:43:39,0,2022-09-10 20:43:38,0,1601-01-01 05:43:25,1,1918L04
240,240,https://www.google.com/search?q=mural+login&rlz=1C1YTUH_enIN998IN998&oq=&aqs=chrome.0.69i59i450l8.201634385j0j15&sourceid=chrome&ie=UTF-8,mural login - Google Search,2,0,2022-09-10 20:43:39,0,2022-09-10 20:43:39,0,1601-01-01 05:43:25,1,1918L04
241,241,https://www.mural.co/,MURAL is a collaborative intelligence company | MURAL,8,0,2022-10-14 20:38:42,0,2022-09-10 20:43:41,2991,1601-01-01 05:43:25,1,1918L04
242,242,https://app.mural.co/signin,MURAL,7,0,2022-10-14 20:38:49,0,2022-09-10 20:43:45,2992,1601-01-01 05:43:25,1,1918L04
243,243,https://app.mural.co/dashboard,MURAL,9,0,2022-10-14 20:41:34,0,2022-09-10 20:43:46,2992,1601-01-01 05:43:25,1,1918L04
244,244,https://app.mural.co/t/dataanalytics0152,MURAL,6,0,2022-10-14 20:41:46,0,2022-09-10 20:43:46,2992,1601-01-01 05:43:25,1,1918L04
245,245,https://app.mural.co/t/dataanalytics0152/home,MURAL,10,0,2022-10-14 20:42:59,0,2022-09-10 20:43:47,2992,1601-01-01 05:43:25,1,1918L04
246,246,https://mail.google.com/mail/u/0/#inbox,Gmail,13,0,2022-10-14 14:34:22,0,2022-09-15 13:58:16,0,1601-01-01 05:43:25,1,1918L04
247,247,https://mail.google.com/mail/u/0/#inbox,Gmail,13,0,2022-10-14 14:34:22,0,2022-09-15 13:59:23,0,1601-01-01 05:43:25,1,1918L04
248,248,https://mail.google.com/mail/u/0/#inbox,Gmail,13,0,2022-10-14 14:34:22,0,2022-09-15 13:59:33,0,1601-01-01 05:34:28,1,1918L04
249,249,https://mail.google.com/mail/u/0/#inbox?compose=new,"Inbox (1,954) - goku.1918l03@gct.ac.in - Govt. College of Technology Mail",1,0,2022-09-15 13:59:58,0,2022-09-15 13:59:58,2999,1601-01-01 05:47:53,1,1918L04
250,250,https://mail.google.com/mail/u/0/#inbox?compose=DmwnWrRttWZqzfcwfvhPdrdPMrTQcwCwszwbLHcgLXPvccfKPCKmMxXSHwLNNBFchSpWLGbkqwvB,"Inbox (1,954) - goku.1918l03@gct.ac.in - Govt. College of Technology Mail",1,0,2022-09-15 14:00:19,0,2022-09-15 14:00:19,3000,1601-01-01 05:47:53,1,1918L04
251,251,https://mail.google.com/mail/u/0/#inbox,Gmail,13,0,2022-10-14 14:34:22,0,2022-09-15 14:01:17,3001,1601-01-01 05:56:50,1,1918L04
252,252,https://music.youtube.com/?source=pwa,YouTube Music,1,0,2022-09-21 17:53:30,0,2022-09-21 17:53:30,0,1601-01-01 05:43:25,1,1918L04
253,253,https://www.google.com/search?q=mural+login&rlz=1C1YTUH_enIN998IN998&oq=&aqs=chrome.0.69i59i450l8.386650745j0j15&sourceid=chrome&ie=UTF-8,mural login - Google Search,2,0,2022-09-24 21:58:13,0,2022-09-24 21:58:12,0,1601-01-01 05:43:25,1,1918L04
254,254,https://www.google.com/search?q=mural+login&rlz=1C1YTUH_enIN998IN998&oq=&aqs=chrome.0.69i59i450l8.386650745j0j15&sourceid=chrome&ie=UTF-8,mural login - Google Search,2,0,2022-09-24 21:58:13,0,2022-09-24 21:58:13,0,1601-01-01 05:43:25,1,1918L04
255,255,https://www.mural.co/,MURAL is a collaborative intelligence company | MURAL,8,0,2022-10-14 20:38:42,0,2022-09-24 21:58:15,3005,1601-01-01 05:43:25,1,1918L04
256,256,https://app.mural.co/signin,MURAL,7,0,2022-10-14 20:38:49,0,2022-09-24 21:58:36,3006,1601-01-01 05:34:28,1,1918L04
257,257,https://app.mural.co/signin,MURAL,7,0,2022-10-14 20:38:49,0,2022-09-24 21:58:36,3007,1601-01-01 05:03:10,1,1918L04
258,258,https://app.mural.co/dashboard,MURAL,9,0,2022-10-14 20:41:34,0,2022-09-24 22:08:08,3006,1601-01-01 05:43:25,1,1918L04
259,259,https://app.mural.co/t/dataanalytics0152,MURAL,6,0,2022-10-14 20:41:46,0,2022-09-24 22:08:14,3006,1601-01-01 05:43:25,1,1918L04
260,260,https://app.mural.co/t/dataanalytics0152/home,MURAL,10,0,2022-10-14 20:42:59,0,2022-09-24 22:09:11,3006,1601-01-01 05:43:25,1,1918L04
261,261,https://www.google.com/search?q=mural+login&rlz=1C1YTUH_enIN998IN998&oq=&aqs=chrome.0.69i59i450l7.430683337j0j15&sourceid=chrome&ie=UTF-8,mural login - Google Search,2,0,2022-09-25 10:12:30,0,2022-09-25 10:12:13,0,1601-01-01 05:43:25,1,1918L04
262,262,https://www.google.com/search?q=mural+login&rlz=1C1YTUH_enIN998IN998&oq=&aqs=chrome.0.69i59i450l7.430683337j0j15&sourceid=chrome&ie=UTF-8,mural login - Google Search,2,0,2022-09-25 10:12:30,0,2022-09-25 10:12:30,0,1601-01-01 05:43:25,1,1918L04
263,263,https://www.google.com/search?q=mural+login&rlz=1C1YTUH_enIN998IN998&oq=&aqs=chrome.0.69i59i450l7.430788642j0j15&sourceid=chrome&ie=UTF-8,mural login - Google Search,2,0,2022-09-25 10:13:56,0,2022-09-25 10:13:53,0,1601-01-01 05:43:25,1,1918L04
264,264,https://www.google.com/search?q=mural+login&rlz=1C1YTUH_enIN998IN998&oq=&aqs=chrome.0.69i59i450l7.430788642j0j15&sourceid=chrome&ie=UTF-8,mural login - Google Search,2,0,2022-09-25 10:13:56,0,2022-09-25 10:13:56,0,1601-01-01 05:43:25,1,1918L04
265,265,https://www.mural.co/,MURAL is a collaborative intelligence company | MURAL,8,0,2022-10-14 20:38:42,0,2022-09-25 10:14:09,3015,1601-01-01 05:43:25,1,1918L04
266,266,https://app.mural.co/signin,MURAL,7,0,2022-10-14 20:38:49,0,2022-09-25 10:14:16,3016,1601-01-01 05:43:25,1,1918L04
267,267,https://app.mural.co/dashboard,MURAL,9,0,2022-10-14 20:41:34,0,2022-09-25 10:14:18,3016,1601-01-01 05:43:25,1,1918L04
268,268,https://app.mural.co/t/dataanalytics0152,MURAL,6,0,2022-10-14 20:41:46,0,2022-09-25 10:14:20,3016,1601-01-01 05:43:25,1,1918L04
269,269,https://app.mural.co/t/dataanalytics0152/home,MURAL,10,0,2022-10-14 20:42:59,0,2022-09-25 10:14:20,3016,1601-01-01 05:43:25,1,1918L04
270,270,https://app.mural.co/t/dataanalytics0152/r/1662809440158,Room DHAKSHINAMOORTHI's room • MURAL,3,0,2022-09-25 10:19:38,0,2022-09-25 10:15:54,3016,1601-01-01 05:43:25,1,1918L04
271,271,https://app.mural.co/t/dataanalytics0152/templates,Templates • MURAL,8,0,2022-10-14 20:43:11,0,2022-09-25 10:16:04,3016,1601-01-01 05:43:25,1,1918L04
272,272,https://app.mural.co/t/dataanalytics0152/templates,Templates • MURAL,8,0,2022-10-14 20:43:11,0,2022-09-25 10:16:04,3016,1601-01-01 05:43:25,1,1918L04
273,273,https://app.mural.co/template/6cc33c31-97bf-45e8-9b6e-0507fcf62d4d/6ddbd59e-2493-4d68-9072-69bef04e52a5?source=global,MURAL,2,0,2022-09-25 10:22:09,0,2022-09-25 10:16:16,0,1601-01-01 05:43:25,1,1918L04
274,274,https://app.mural.co/template/6cc33c31-97bf-45e8-9b6e-0507fcf62d4d/6ddbd59e-2493-4d68-9072-69bef04e52a5?source=global&sender=ua43a58dc6ae7781b93628461,MURAL,2,0,2022-09-25 10:22:17,0,2022-09-25 10:16:37,0,1601-01-01 05:43:25,1,1918L04
275,275,https://app.mural.co/template/6cc33c31-97bf-45e8-9b6e-0507fcf62d4d/6ddbd59e-2493-4d68-9072-69bef04e52a5,Conducting a brainstorm,2,0,2022-09-25 10:22:18,0,2022-09-25 10:16:37,0,1601-01-01 05:43:25,1,1918L04
276,276,https://app.mural.co/t/dataanalytics0152/r/1662809440158,Room DHAKSHINAMOORTHI's room • MURAL,3,0,2022-09-25 10:19:38,0,2022-09-25 10:17:42,3016,1601-01-01 05:43:25,1,1918L04
277,277,https://app.mural.co/t/dataanalytics0152/m/dataanalytics0152/1662809553910/d7a3611bdd3bc0fe391575ec39d2465c2ce8c7f6,MURAL,6,0,2022-09-25 10:19:18,0,2022-09-25 10:17:46,3016,1601-01-01 05:43:25,1,1918L04
278,278,https://app.mural.co/t/dataanalytics0152/m/dataanalytics0152/1662809553910/d7a3611bdd3bc0fe391575ec39d2465c2ce8c7f6,MURAL,6,0,2022-09-25 10:19:18,0,2022-09-25 10:17:50,3016,1601-01-01 05:43:25,1,1918L04
279,279,https://app.mural.co/t/dataanalytics0152/m/dataanalytics0152/1662809553910/d7a3611bdd3bc0fe391575ec39d2465c2ce8c7f6?sender=ua43a58dc6ae7781b93628461,Untitled mural • Data Analytics,2,0,2022-09-25 10:17:50,0,2022-09-25 10:17:50,3016,1601-01-01 05:43:25,1,1918L04
280,280,https://app.mural.co/t/dataanalytics0152/m/dataanalytics0152/1662809553910/d7a3611bdd3bc0fe391575ec39d2465c2ce8c7f6,MURAL,6,0,2022-09-25 10:19:18,0,2022-09-25 10:19:18,3016,1601-01-01 05:43:42,1,1918L04
281,281,https://app.mural.co/t/dataanalytics0152/r/1662809440158,Room DHAKSHINAMOORTHI's room • MURAL,3,0,2022-09-25 10:19:38,0,2022-09-25 10:19:38,3016,1601-01-01 05:43:42,1,1918L04
282,282,https://app.mural.co/t/dataanalytics0152/learning,MURAL,1,0,2022-09-25 10:20:02,0,2022-09-25 10:20:02,3016,1601-01-01 05:43:25,1,1918L04
283,283,https://app.mural.co/t/dataanalytics0152/templates,Templates • MURAL,8,0,2022-10-14 20:43:11,0,2022-09-25 10:20:07,3016,1601-01-01 05:43:25,1,1918L04
284,284,https://app.mural.co/t/dataanalytics0152/murals,Murals • MURAL,2,0,2022-09-25 10:27:19,0,2022-09-25 10:21:44,3016,1601-01-01 05:43:25,1,1918L04
285,285,https://app.mural.co/t/dataanalytics0152/templates,Templates • MURAL,8,0,2022-10-14 20:43:11,0,2022-09-25 10:22:02,3016,1601-01-01 05:43:25,1,1918L04
286,286,https://app.mural.co/template/6cc33c31-97bf-45e8-9b6e-0507fcf62d4d/6ddbd59e-2493-4d68-9072-69bef04e52a5?source=global,MURAL,2,0,2022-09-25 10:22:09,0,2022-09-25 10:22:09,0,1601-01-01 05:43:25,1,1918L04
287,287,https://app.mural.co/template/6cc33c31-97bf-45e8-9b6e-0507fcf62d4d/6ddbd59e-2493-4d68-9072-69bef04e52a5?source=global&sender=ua43a58dc6ae7781b93628461,MURAL,2,0,2022-09-25 10:22:17,0,2022-09-25 10:22:17,0,1601-01-01 05:43:25,1,1918L04
288,288,https://app.mural.co/template/6cc33c31-97bf-45e8-9b6e-0507fcf62d4d/6ddbd59e-2493-4d68-9072-69bef04e52a5,Conducting a brainstorm,2,0,2022-09-25 10:22:18,0,2022-09-25 10:22:18,0,1601-01-01 05:43:25,1,1918L04
289,289,https://app.mural.co/t/dataanalytics0152/m/dataanalytics0152/1664081546590,MURAL,1,0,2022-09-25 10:22:27,0,2022-09-25 10:22:27,0,1601-01-01 05:43:25,1,1918L04
290,290,https://app.mural.co/t/dataanalytics0152/m/dataanalytics0152/1664081546590/297dbb38c1f3145892d58d07773ada6d352e6e49,MURAL,1,0,2022-09-25 10:22:30,0,2022-09-25 10:22:30,0,1601-01-01 05:43:25,1,1918L04
291,291,https://app.mural.co/t/dataanalytics0152/m/dataanalytics0152/1664081546590/297dbb38c1f3145892d58d07773ada6d352e6e49?sender=ua43a58dc6ae7781b93628461,Untitled mural • Data Analytics,1,0,2022-09-25 10:22:31,0,2022-09-25 10:22:31,0,1601-01-01 05:43:25,1,1918L04
292,292,https://app.mural.co/t/dataanalytics0152/home,MURAL,10,0,2022-10-14 20:42:59,0,2022-09-25 10:25:52,3016,1601-01-01 05:43:25,1,1918L04
293,293,https://app.mural.co/t/dataanalytics0152/murals,Murals • MURAL,2,0,2022-09-25 10:27:19,0,2022-09-25 10:27:19,3016,1601-01-01 05:43:25,1,1918L04
294,294,https://app.mural.co/t/dataanalytics0152/templates,Templates • MURAL,8,0,2022-10-14 20:43:11,0,2022-09-25 10:27:33,3016,1601-01-01 05:43:25,1,1918L04
295,295,https://app.mural.co/template/94238f11-00b5-42c7-8374-b3dd7c7c0b76/ae150568-42bf-46cc-b205-2f4ba1bdb4ca?source=global,MURAL,1,0,2022-09-25 10:27:44,0,2022-09-25 10:27:44,0,1601-01-01 05:43:25,1,1918L04
296,296,https://app.mural.co/template/94238f11-00b5-42c7-8374-b3dd7c7c0b76/ae150568-42bf-46cc-b205-2f4ba1bdb4ca?source=global&sender=ua43a58dc6ae7781b93628461,MURAL,1,0,2022-09-25 10:27:52,0,2022-09-25 10:27:52,0,1601-01-01 05:43:25,1,1918L04
297,297,https://app.mural.co/template/94238f11-00b5-42c7-8374-b3dd7c7c0b76/ae150568-42bf-46cc-b205-2f4ba1bdb4ca,Brainstorm and idea prioritization,1,0,2022-09-25 10:27:52,0,2022-09-25 10:27:52,0,1601-01-01 05:43:25,1,1918L04
298,298,https://app.mural.co/t/dataanalytics0152/m/dataanalytics0152/1664081923218,MURAL,1,0,2022-09-25 10:28:43,0,2022-09-25 10:28:43,0,1601-01-01 05:43:25,1,1918L04
299,299,https://app.mural.co/t/dataanalytics0152/m/dataanalytics0152/1664081923218/d7708d6d99a28a1f8a32d733fad243a5cc481897,MURAL,1,0,2022-09-25 10:28:45,0,2022-09-25 10:28:45,0,1601-01-01 05:43:25,1,1918L04
300,300,https://app.mural.co/t/dataanalytics0152/m/dataanalytics0152/1664081923218/d7708d6d99a28a1f8a32d733fad243a5cc481897?sender=ua43a58dc6ae7781b93628461,Untitled mural • Data Analytics,3,0,2022-09-25 10:57:41,0,2022-09-25 10:28:46,0,1601-01-01 05:43:25,1,1918L04
301,301,https://app.mural.co/t/dataanalytics0152/m/dataanalytics0152/1664081923218/d7708d6d99a28a1f8a32d733fad243a5cc481897?sender=ua43a58dc6ae7781b93628461,Untitled mural • Data Analytics,3,0,2022-09-25 10:57:41,0,2022-09-25 10:57:33,3051,1601-01-01 05:47:53,1,1918L04
302,302,https://app.mural.co/t/dataanalytics0152/m/dataanalytics0152/1664081923218/d7708d6d99a28a1f8a32d733fad243a5cc481897?sender=ua43a58dc6ae7781b93628461,Untitled mural • Data Analytics,3,0,2022-09-25 10:57:41,0,2022-09-25 10:57:41,3052,1601-01-01 05:56:50,1,1918L04
303,303,file:///C:/Users/Hai/Downloads/Untitled%20(5).pdf,Untitled (5).pdf,1,0,2022-09-25 11:21:36,0,2022-09-25 11:21:36,0,1601-01-01 05:43:25,1,1918L04
304,304,https://classroom.google.com/u/0/h,Sign in - Google Accounts,5,0,2022-11-06 20:40:46,0,2022-09-28 21:06:30,0,1601-01-01 05:34:28,1,1918L04
305,305,https://accounts.google.com/ServiceLogin?service=classroom&passive=1209600&continue=https://classroom.google.com/u/0/h&followup=https://classroom.google.com/u/0/h&authuser=0,Sign in - Google Accounts,4,0,2022-11-06 20:42:59,0,2022-09-28 21:06:30,3055,1601-01-01 05:03:10,1,1918L04
306,306,https://accounts.google.com/ServiceLogin?service=classroom&passive=1209600&continue=https://classroom.google.com/u/0/h&followup=https://classroom.google.com/u/0/h&authuser=0,Sign in - Google Accounts,4,0,2022-11-06 20:42:59,0,2022-09-28 21:06:57,0,1601-01-01 05:43:25,1,1918L04
307,307,https://accounts.google.com/ServiceLogin/webreauth?service=classroom&passive=1209600&continue=https%3A%2F%2Fclassroom.google.com%2Fu%2F0%2Fh&followup=https%3A%2F%2Fclassroom.google.com%2Fu%2F0%2Fh&authuser=0&flowName=GlifWebSignIn&flowEntry=ServiceLogin,Sign in - Google Accounts,1,0,2022-09-28 21:06:57,0,2022-09-28 21:06:57,0,1601-01-01 05:43:25,1,1918L04
308,308,https://accounts.google.com/signin/v2/challenge/pwd?service=classroom&passive=1209600&continue=https%3A%2F%2Fclassroom.google.com%2Fu%2F0%2Fh&followup=https%3A%2F%2Fclassroom.google.com%2Fu%2F0%2Fh&authuser=0&flowName=GlifWebSignIn&flowEntry=ServiceLogin&cid=1&navigationDirection=forward&TL=AB_wV5pc0ZBRMI-oRzbk5p-9fC-LZzMcsPsO7h9kz3_-foHdjlrSr5KLpMUszvgl,Sign in - Google Accounts,1,0,2022-09-28 21:07:26,0,2022-09-28 21:07:26,0,1601-01-01 05:43:25,1,1918L04
309,309,https://accounts.google.com/CheckCookie?continue=https%3A%2F%2Fclassroom.google.com%2Fu%2F0%2Fh&service=classroom&hl=en&checkedDomains=youtube&checkConnection=youtube%3A3154%3A0&pstMsg=1&ifkv=AQDHYWrW0JgWB688bUgNE2H_lsAYigjDKR5k6p7ulWtP11kDgGr0XbYec0bRbAjVc1sUmNwXjJ9W_g&chtml=LoginDoneHtml&gidl=EgIIAA,Classes,1,0,2022-09-28 21:08:41,0,2022-09-28 21:08:41,3059,1601-01-01 05:34:28,1,1918L04
310,310,https://accounts.youtube.com/accounts/SetSID?ssdc=1&sidt=ALWU2cujgDqIumNBxM7CRUQH7gYkkvpSlzrKpwz02SqHyM04%2FFA1o81HvWOWwgAIYvtp5w0JQE8URpGjJ5GUGBdbMj0cSsb4Fy1DfN2AToaz25kxSkJHAmAA%2BfYrI1B9XHe5o%2BeZO%2BE2kpf47WPiEwiKbol%2FobirnY19GTmJkSz97OnmUgoLc4reyk3QKJc9kfiRSyfIbrQtv4iwTGyN8toXMrqJcEDkqr6bt%2F2qhoQNBLExyp%2BJhyvdxN8FvZJ0UqDqVgybi1mjnK%2Brgt34yDJp4306cwTxM9%2F5xUYEvEXWYAVc7hTgLu28kurK38AfPaOUkkW9wUutQHCoi2ydAGZWcKFJFLkvzJwwq5JdUO8%2F0jFh6%2FVZlMMRAxnUKqBqrZM%2FuiMoMSbbkTWleFTLFPuj7BXI1hse8vTS1R7eMY3w0fRL2%2BwKWj86d2zzbbad5H3rztGeqUbVxPBp69sR0cZIr%2FdaL3ZDU63El3wUMNH6zBboTEjmE%2FmnyMPYWBEeBxPSVO87aBC%2F&continue=https%3A%2F%2Fclassroom.google.com%2Fu%2F0%2Fh&tcc=1&dbus=IN,Classes,1,0,2022-09-28 21:08:41,0,2022-09-28 21:08:41,3060,1601-01-01 04:54:13,1,1918L04
311,311,https://accounts.google.co.in/accounts/SetSID?ssdc=1&sidt=ALWU2cuoAMKg/9haqJ6gpAiArbrm9GsDykWy4CzFloekPJ%2BsBjWDIQ2eYMeRn6anQGwus7/MUH0SkPLMZARXQelyLBenNCgGxClWnpGjgfc9xaLmzdBZFXd3xEIQx3ZX9UK1pya8S%2BBAiI6IftgdZgyPUAtvY4MtnIEJxslNk5QDFdOFZiUgNlU55kfIF1bwOlxQATJM97i/5OKkPrB1DmGWSWteCoGQDf3rVM5jpACAe5mGwYknK/HLq72dTwlfoOS6h36LueurkmpsdYZpj4wUIrsR3uKaLPVbCdnXZ2ZuqTRXE71GYXKOS8e07uQ4EXQlh2SLISMtcotCQl/PXd0DXcO%2BBmlum1wEs4CDOF2QcjmZxZNZIrJnqAuhxTIKiRDLDO8aE4mEBXqxoWIhR1bFH5zly0C90gjSklaA6xpTzGeu5sUGrCZ2i5DACwHnp3T6zSyVTkmt8c/1/OuCc5/9GgqnWftXVM375F/n/FTSblxKyqmXFX4LOPoHrEVZsJP2DpyhMJfe&continue=https://classroom.google.com/u/0/h&tcc=1,Classes,1,0,2022-09-28 21:08:41,0,2022-09-28 21:08:41,3061,1601-01-01 04:54:13,1,1918L04
312,312,https://classroom.google.com/u/0/h,Sign in - Google Accounts,5,0,2022-11-06 20:40:46,0,2022-09-28 21:08:41,3062,1601-01-01 05:03:10,1,1918L04
313,313,https://classroom.google.com/u/0/c/NTAxMDI0MjEzNzY4,2022_MC 2019,3,0,2022-09-28 21:33:20,0,2022-09-28 21:14:37,0,1601-01-01 05:43:25,1,1918L04
314,314,https://classroom.google.com/u/0/c/NTAxMDI0MjEzNzY4/a/NTAxNTM1OTYxODEw/details,"Create a animated movie , presentation or working model of any indian satellite communication with the block diagram, component specifications, uplink downlink signal details and applications with neccessary diagrams",2,0,2022-09-28 21:33:29,0,2022-09-28 21:16:02,0,1601-01-01 05:43:25,1,1918L04
315,315,https://classroom.google.com/u/0/c/NTAxMDI0MjEzNzY4/a/NTAxNTM1OTYxODEw/details,"Create a animated movie , presentation or working model of any indian satellite communication with the block diagram, component specifications, uplink downlink signal details and applications with neccessary diagrams",2,0,2022-09-28 21:33:29,0,2022-09-28 21:19:00,0,1601-01-01 05:43:25,1,1918L04
316,316,https://classroom.google.com/u/0/c/NTAxMDI0MjEzNzY4,2022_MC 2019,3,0,2022-09-28 21:33:20,0,2022-09-28 21:26:08,0,1601-01-01 05:43:42,1,1918L04
317,317,https://classroom.google.com/u/0/c/NTAxMDI0MjEzNzY4,2022_MC 2019,3,0,2022-09-28 21:33:20,0,2022-09-28 21:26:20,0,1601-01-01 05:43:25,1,1918L04
318,318,https://classroom.google.com/u/0/h,Sign in - Google Accounts,5,0,2022-11-06 20:40:46,0,2022-09-28 21:30:37,0,1601-01-01 05:43:25,1,1918L04
319,319,https://classroom.google.com/u/0/h,Sign in - Google Accounts,5,0,2022-11-06 20:40:46,0,2022-09-28 21:30:53,0,1601-01-01 05:43:25,1,1918L04
320,320,https://classroom.google.com/u/0/c/NTAxMDI0MjEzNzY4,2022_MC 2019,3,0,2022-09-28 21:33:20,0,2022-09-28 21:33:20,0,1601-01-01 05:43:25,1,1918L04
321,321,https://classroom.google.com/u/0/c/NTAxMDI0MjEzNzY4/a/NTAxNTM1OTYxODEw/details,"Create a animated movie , presentation or working model of any indian satellite communication with the block diagram, component specifications, uplink downlink signal details and applications with neccessary diagrams",2,0,2022-09-28 21:33:29,0,2022-09-28 21:33:29,0,1601-01-01 05:43:25,1,1918L04
322,322,https://mail.google.com/mail/u/0/#inbox,Gmail,13,0,2022-10-14 14:34:22,0,2022-10-14 14:34:22,0,1601-01-01 05:34:28,1,1918L04
323,323,https://accounts.google.com/ServiceLogin?service=mail&passive=1209600&osid=1&continue=https://mail.google.com/mail/u/0/&followup=https://mail.google.com/mail/u/0/&emr=1&authuser=0#inbox,Gmail,3,0,2022-10-14 14:35:18,0,2022-10-14 14:34:22,3073,1601-01-01 05:03:10,1,1918L04
324,324,https://accounts.google.com/ServiceLogin?service=mail&passive=1209600&osid=1&continue=https://mail.google.com/mail/u/0/&followup=https://mail.google.com/mail/u/0/&emr=1&authuser=0#inbox,Gmail,3,0,2022-10-14 14:35:18,0,2022-10-14 14:35:18,0,1601-01-01 05:43:25,1,1918L04
325,325,https://accounts.google.com/ServiceLogin/webreauth?service=mail&passive=1209600&osid=1&continue=https%3A%2F%2Fmail.google.com%2Fmail%2Fu%2F0%2F&followup=https%3A%2F%2Fmail.google.com%2Fmail%2Fu%2F0%2F&emr=1&authuser=0&flowName=GlifWebSignIn&flowEntry=ServiceLogin#inbox,Gmail,4,0,2022-10-14 14:35:18,0,2022-10-14 14:35:18,0,1601-01-01 05:43:25,1,1918L04
326,326,https://www.google.com/search?q=mural+login&rlz=1C1YTUH_enIN998IN998&oq=&gs_lcrp=EgZjaHJvbWUqCQgAEEUYOxjCAzIJCAAQRRg7GMIDMgkIARBFGDsYwgMyCQgCEEUYOxjCA9IBDTIwOTY3NjY0ajBqMTWoAgOwAgE&sourceid=chrome&ie=UTF-8,mural login - Google Search,1,0,2022-10-14 20:38:40,0,2022-10-14 20:38:40,0,1601-01-01 05:43:25,1,1918L04
327,327,https://www.mural.co/,MURAL is a collaborative intelligence company | MURAL,8,0,2022-10-14 20:38:42,0,2022-10-14 20:38:42,3077,1601-01-01 05:43:25,1,1918L04
328,328,https://app.mural.co/signin,MURAL,7,0,2022-10-14 20:38:49,0,2022-10-14 20:38:49,3078,1601-01-01 05:43:25,1,1918L04
329,329,https://accounts.google.com/AddSession?Email=goku.1918l03%40gct.ac.in&continue=https%3A%2F%2Fwww.google.com%2F,Sign in - Google Accounts,1,0,2022-10-14 20:40:47,0,2022-10-14 20:40:47,0,1601-01-01 05:34:28,1,1918L04
330,330,https://accounts.google.com/v3/signin/identifier?dsh=S2131045807%3A1665760249596795&Email=goku.1918l03%40gct.ac.in&continue=https%3A%2F%2Fwww.google.com%2F&flowName=GlifWebSignIn&flowEntry=AddSession,Sign in - Google Accounts,2,0,2022-10-14 20:41:04,0,2022-10-14 20:40:47,3080,1601-01-01 05:03:10,1,1918L04
331,331,https://accounts.google.com/v3/signin/challenge/pwd?TL=AB_wV5qcJ3NZGecJTzhfTHl68JH885KDhk4je82bQPhjEwnFKcPE_6l6HIdNF1u4&checkConnection&checkedDomains=youtube&cid=1&continue=https%3A%2F%2Fwww.google.com%2F&dsh=S2131045807%3A1665760249596795&flowEntry=AddSession&flowName=GlifWebSignIn&pstMsg=1,Sign in - Google Accounts,1,0,2022-10-14 20:41:02,0,2022-10-14 20:41:02,0,1601-01-01 05:43:25,1,1918L04
332,332,https://accounts.google.com/v3/signin/identifier?dsh=S2131045807%3A1665760249596795&Email=goku.1918l03%40gct.ac.in&continue=https%3A%2F%2Fwww.google.com%2F&flowName=GlifWebSignIn&flowEntry=AddSession,Sign in - Google Accounts,2,0,2022-10-14 20:41:04,0,2022-10-14 20:41:04,0,1601-01-01 05:43:42,1,1918L04
333,333,https://accounts.google.com/v3/signin/challenge/pwd?TL=AB_wV5pCa5WS-jYHigVTHML1yjPi6oFcjSInAVvwwF48c_arhkrIZOZL7I2ZRYAc&checkConnection&checkedDomains=youtube&cid=1&continue=https%3A%2F%2Fwww.google.com%2F&dsh=S2131045807%3A1665760249596795&flowEntry=AddSession&flowName=GlifWebSignIn&pstMsg=1,Sign in - Google Accounts,1,0,2022-10-14 20:41:04,0,2022-10-14 20:41:04,0,1601-01-01 05:43:25,1,1918L04
334,334,https://accounts.google.com/CheckCookie?continue=https://www.google.com/&checkedDomains=youtube&pstMsg=1&flowName=GlifWebSignIn&chtml=LoginDoneHtml&gidl=EgIIAA&flowEntry=AddSession,Google,1,0,2022-10-14 20:41:32,0,2022-10-14 20:41:32,3084,1601-01-01 05:34:28,1,1918L04
335,335,https://accounts.google.co.in/accounts/SetSID?ssdc=1&sidt=ALWU2cuvCSoc9uj6FoH9OzOL6VRwDQsES9CbWsrco9UF%2F1qY7us%2F7eDPrZ8ioqDLo8yDo21pe70k%2BmmTmKxTZEmikLlTqiD%2Fzpob3JgWyHDn5CWcijUQlUdcjXKUWQU1zykCGnDYJeC1hDv8s64mP2etFPXLje%2BLpsqGUGebqmi34rHaqHvlkHNC85tTcqhPaICDwTHiYKQeDtZ4unyo5Hlc2ww14elRQUV5Y4LaTBoWjtp8cQhWFkL3kjYNB4cEq3MZ%2Bhc%2BM6u4A4BTdKHAemFpO2eSebJoBQlMOC5Y05npFElbHIsQF5Yi5j5b%2F0GyputWkvVruxMWLfVFR1km9QiswQrI6Jvpj42mn6o03J0cLMt0IjZTGZVC742qtyrzRShzgxV0MTE%2FJ%2BilXxjoA0MKHCveMPsDUUSdsR68PkSA48NJDKvWDofQx2Et1As9FLczKDwgPgJ%2BbKh6JZATAO10SgB110Vdo5pl%2B1GqLw9fLKscrbeGKBTEIniwhlWcMSmM5yvCLqlu&continue=https%3A%2F%2Fwww.google.com%2F&tcc=1,Google,1,0,2022-10-14 20:41:32,0,2022-10-14 20:41:32,3085,1601-01-01 04:54:13,1,1918L04
336,336,https://www.google.com/,Google,2,0,2022-10-14 20:41:36,0,2022-10-14 20:41:32,3086,1601-01-01 05:03:10,1,1918L04
337,337,https://app.mural.co/dashboard,MURAL,9,0,2022-10-14 20:41:34,0,2022-10-14 20:41:34,3078,1601-01-01 05:43:25,1,1918L04
338,338,https://www.google.com/,Google,2,0,2022-10-14 20:41:36,0,2022-10-14 20:41:36,0,1601-01-01 05:43:25,1,1918L04
339,339,https://app.mural.co/t/dataanalytics0152,MURAL,6,0,2022-10-14 20:41:46,0,2022-10-14 20:41:46,3078,1601-01-01 05:43:25,1,1918L04
340,340,https://app.mural.co/t/dataanalytics0152/home,MURAL,10,0,2022-10-14 20:42:59,0,2022-10-14 20:41:50,3078,1601-01-01 05:43:25,1,1918L04
341,341,https://app.mural.co/t/dataanalytics0152/m/dataanalytics0152/1665760351281/8709a52e1225b203f34d5ff8e158a943a0bca7f5,MURAL,3,0,2022-10-14 20:42:56,0,2022-10-14 20:42:29,3078,1601-01-01 05:43:25,1,1918L04
342,342,https://app.mural.co/t/dataanalytics0152/m/dataanalytics0152/1665760351281/8709a52e1225b203f34d5ff8e158a943a0bca7f5,MURAL,3,0,2022-10-14 20:42:56,0,2022-10-14 20:42:34,3078,1601-01-01 05:43:25,1,1918L04
343,343,https://app.mural.co/t/dataanalytics0152/m/dataanalytics0152/1665760351281/8709a52e1225b203f34d5ff8e158a943a0bca7f5?sender=ua43a58dc6ae7781b93628461,Untitled mural • Data Analytics,1,0,2022-10-14 20:42:38,0,2022-10-14 20:42:38,3078,1601-01-01 05:43:25,1,1918L04
344,344,https://app.mural.co/t/dataanalytics0152/m/dataanalytics0152/1665760351281/8709a52e1225b203f34d5ff8e158a943a0bca7f5,MURAL,3,0,2022-10-14 20:42:56,0,2022-10-14 20:42:56,3078,1601-01-01 05:43:42,1,1918L04
345,345,https://app.mural.co/t/dataanalytics0152/home,MURAL,10,0,2022-10-14 20:42:59,0,2022-10-14 20:42:59,3078,1601-01-01 05:43:42,1,1918L04
346,346,https://app.mural.co/t/dataanalytics0152/templates,Templates • MURAL,8,0,2022-10-14 20:43:11,0,2022-10-14 20:43:11,3078,1601-01-01 05:43:25,1,1918L04
347,347,https://app.mural.co/template/07b5f8ff-e07d-4944-ab0a-5e487b72aab5/0df8a27c-00fd-4509-be5b-c1484e65200c,Customer & employee journey map,2,0,2022-10-14 20:43:57,0,2022-10-14 20:43:53,3078,1601-01-01 05:43:25,1,1918L04
348,348,https://app.mural.co/template/07b5f8ff-e07d-4944-ab0a-5e487b72aab5/0df8a27c-00fd-4509-be5b-c1484e65200c?sender=ua43a58dc6ae7781b93628461,MURAL,1,0,2022-10-14 20:43:57,0,2022-10-14 20:43:57,3078,1601-01-01 05:43:25,1,1918L04
349,349,https://app.mural.co/template/07b5f8ff-e07d-4944-ab0a-5e487b72aab5/0df8a27c-00fd-4509-be5b-c1484e65200c,Customer & employee journey map,2,0,2022-10-14 20:43:57,0,2022-10-14 20:43:57,3078,1601-01-01 05:43:25,1,1918L04
350,350,https://classroom.google.com/u/0/h,Sign in - Google Accounts,5,0,2022-11-06 20:40:46,0,2022-11-06 20:40:46,0,1601-01-01 05:34:28,1,1918L04
351,351,https://accounts.google.com/ServiceLogin?service=classroom&passive=1209600&continue=https://classroom.google.com/u/0/h&followup=https://classroom.google.com/u/0/h&authuser=0,Sign in - Google Accounts,4,0,2022-11-06 20:42:59,0,2022-11-06 20:40:46,3101,1601-01-01 05:03:10,1,1918L04
352,352,https://accounts.google.com/ServiceLogin?service=classroom&passive=1209600&continue=https://classroom.google.com/u/0/h&followup=https://classroom.google.com/u/0/h&authuser=0,Sign in - Google Accounts,4,0,2022-11-06 20:42:59,0,2022-11-06 20:42:59,0,1601-01-01 05:43:25,1,1918L04
353,353,https://accounts.google.com/ServiceLogin?service=classroom&passive=1209600&continue=https%3A%2F%2Fclassroom.google.com%2Fu%2F0%2Fh&followup=https%3A%2F%2Fclassroom.google.com%2Fu%2F0%2Fh&authuser=0&ifkv=ARgdvAunp7CS4ePUEccQpUyM5TYUdc2UqadsAcoqB4oTevhOTNdakgjABpkzhNqau42eFm-7vOHAYQ,Sign in - Google Accounts,1,0,2022-11-06 20:43:00,0,2022-11-06 20:43:00,0,1601-01-01 05:43:25,1,1918L04
354,354,https://accounts.google.com/ServiceLogin/webreauth?service=classroom&passive=1209600&continue=https%3A%2F%2Fclassroom.google.com%2Fu%2F0%2Fh&followup=https%3A%2F%2Fclassroom.google.com%2Fu%2F0%2Fh&authuser=0&ifkv=ARgdvAunp7CS4ePUEccQpUyM5TYUdc2UqadsAcoqB4oTevhOTNdakgjABpkzhNqau42eFm-7vOHAYQ&flowName=GlifWebSignIn&flowEntry=ServiceLogin,Sign in - Google Accounts,1,0,2022-11-06 20:43:00,0,2022-11-06 20:43:00,0,1601-01-01 05:43:25,1,1918L04
355,355,http://127.0.0.1:5000/,Login,5,3,2022-11-10 00:35:04,0,2022-11-09 21:13:44,0,1601-01-01 05:43:58,1,1918L04
356,356,http://127.0.0.1:5000/admin,Register,1,0,2022-11-09 21:14:26,0,2022-11-09 21:14:26,3106,1601-01-01 05:43:25,1,1918L04
357,357,http://127.0.0.1:5000/,Login,5,3,2022-11-10 00:35:04,0,2022-11-09 21:17:13,0,1601-01-01 05:43:58,1,1918L04
358,358,http://127.0.0.1:5000/,Login,5,3,2022-11-10 00:35:04,0,2022-11-10 00:14:46,0,1601-01-01 05:43:58,1,1918L04
359,359,http://127.0.0.1:5000/login,Index,16,0,2022-11-10 00:35:11,0,2022-11-10 00:15:23,3109,1601-01-01 05:43:25,1,1918L04
360,360,http://127.0.0.1:5000/login,Index,16,0,2022-11-10 00:35:11,0,2022-11-10 00:15:30,3110,1601-01-01 05:43:25,1,1918L04
361,361,http://127.0.0.1:5000/login,Index,16,0,2022-11-10 00:35:11,0,2022-11-10 00:16:29,3111,1601-01-01 05:43:25,1,1918L04
362,362,http://127.0.0.1:5000/login,Index,16,0,2022-11-10 00:35:11,0,2022-11-10 00:17:32,3112,1601-01-01 05:43:25,1,1918L04
363,363,http://127.0.0.1:5000/login,Index,16,0,2022-11-10 00:35:11,0,2022-11-10 00:17:50,3113,1601-01-01 05:43:25,1,1918L04
364,364,http://127.0.0.1:5000/login,Index,16,0,2022-11-10 00:35:11,0,2022-11-10 00:18:03,0,1601-01-01 05:43:58,1,1918L04
365,365,http://127.0.0.1:5000/login,Index,16,0,2022-11-10 00:35:11,0,2022-11-10 00:18:06,3115,1601-01-01 05:43:25,1,1918L04
366,366,http://127.0.0.1:5000/login,Index,16,0,2022-11-10 00:35:11,0,2022-11-10 00:19:44,0,1601-01-01 05:43:58,1,1918L04
367,367,http://127.0.0.1:5000/login,Index,16,0,2022-11-10 00:35:11,0,2022-11-10 00:19:47,3117,1601-01-01 05:43:25,1,1918L04
368,368,http://127.0.0.1:5000/login,Index,16,0,2022-11-10 00:35:11,0,2022-11-10 00:19:59,3118,1601-01-01 05:43:25,1,1918L04
369,369,http://127.0.0.1:5000/login,Index,16,0,2022-11-10 00:35:11,0,2022-11-10 00:20:03,3119,1601-01-01 05:43:25,1,1918L04
370,370,http://127.0.0.1:5000/login,Index,16,0,2022-11-10 00:35:11,0,2022-11-10 00:21:13,3120,1601-01-01 05:43:25,1,1918L04
371,371,http://127.0.0.1:5000/login,Index,16,0,2022-11-10 00:35:11,0,2022-11-10 00:21:22,3121,1601-01-01 05:43:25,1,1918L04
372,372,http://127.0.0.1:5000/,Login,5,3,2022-11-10 00:35:04,0,2022-11-10 00:29:37,0,1601-01-01 05:43:58,1,1918L04
373,373,http://127.0.0.1:5000/login,Index,16,0,2022-11-10 00:35:11,0,2022-11-10 00:29:43,3123,1601-01-01 05:43:25,1,1918L04
374,374,http://127.0.0.1:5000/login,Index,16,0,2022-11-10 00:35:11,0,2022-11-10 00:31:16,0,1601-01-01 05:43:58,1,1918L04
375,375,http://127.0.0.1:5000/login,Index,16,0,2022-11-10 00:35:11,0,2022-11-10 00:31:23,3125,1601-01-01 05:43:25,1,1918L04
376,376,http://127.0.0.1:5000/login,Index,16,0,2022-11-10 00:35:11,0,2022-11-10 00:31:57,0,1601-01-01 05:43:58,1,1918L04
377,377,http://127.0.0.1:5000/login,Index,16,0,2022-11-10 00:35:11,0,2022-11-10 00:32:04,3127,1601-01-01 05:43:25,1,1918L04
378,378,http://127.0.0.1:5000/login,Index,16,0,2022-11-10 00:35:11,0,2022-11-10 00:32:37,0,1601-01-01 05:43:58,1,1918L04
379,379,http://127.0.0.1:5000/login,Index,16,0,2022-11-10 00:35:11,0,2022-11-10 00:32:41,3129,1601-01-01 05:43:25,1,1918L04
380,380,http://127.0.0.1:5000/logout,500 Internal Server Error,1,0,2022-11-10 00:33:00,1,2022-11-10 00:33:00,3130,1601-01-01 05:43:25,1,1918L04
381,381,http://127.0.0.1:5000/,Login,5,3,2022-11-10 00:35:04,0,2022-11-10 00:35:04,0,1601-01-01 05:43:58,1,1918L04
382,382,http://127.0.0.1:5000/login,Index,16,0,2022-11-10 00:35:11,0,2022-11-10 00:35:11,3132,1601-01-01 05:43:25,1,1918L04
